0,name
1女孩,
2000年代_(風格),
眨眼,
動物耳絨毛,
動物耳朵,
水藍內褲,
藍色蝴蝶結,
臉紅,
邊框,
蝴蝶結,
蝴蝶結內褲,
胸部,
棕色眼睛,
貓耳,
貓娘,
貓尾巴,
鎖骨,
彩色條紋,
牛仔鏡頭,
股間,
雙手上舉,
獸耳模式,
巨乳,
長髮,
長袖,
看著觀眾,
無褲,
單眼閉合,
橙色背景,
外部邊框,
內褲,
分開瀏海,
粉紅色襯衫,
紅髮,
紅色水手領,
水手領,
校服,
水手服,
襯衫,
側髮,
簡單背景,
微笑,
單人,
站立,
直髮,
條紋背景,
條紋衣服,
條紋內褲,
尾巴,
大腿間隙,
過膝襪,
大腿,
舌頭,
吐舌頭,
雙側上髮,
內衣,
極長髮,
W手臂,
白色邊框,
白色內褲,
白色過膝襪,
兩男,
兩女,
呆毛,
臀部,
藍髮,
棕髮,
公司相關,
角色扮演,
異裝,
眼鏡,
綠髮,
眉間劉海,
髮蝴蝶結,
髮飾,
帽子,
持物,
回頭,
多男,
多女,
o_o,
手繪,
張嘴,
偽娘,
粉色水手領,
短髮,
超短褲,
短褲,
裙子,
汗滴,
雙馬尾,
魔杖,
2005,
鎧甲,
鎧甲裙,
金髮,
藍洋裝,
藍緞帶,
靴子,
辮子,
麻花髮髻,
胸甲,
卡利伯恩_(fate),
版權名稱,
封面,
封面頁,
寫有日期,
同人封面,
洋裝,
英文文字,
日式英文,
裙甲,
全身,
臂甲,
綠眼,
髮髻,
髮帶,
持劍,
持武器,
雙腿分開,
亂語言,
反握,
緞帶,
劍,
武器,
:d,
;),
手臂上舉,
腋下,
裸臂,
裸肩,
跳躍,
中等胸部,
橙色頭髮,
橙色背心,
粉色過膝襪,
波卡點,
波卡點背景,
馬尾,
蓬鬆袖子,
紫眼,
無袖,
v字手勢,
背心,
w,
女服務生,
絕對領域,
3名女孩,
赤足,
入浴,
入浴,
完全裸體,
方便審查,
方便腿,
遮住私處,
柵欄,
抓住他人的乳房,
亂摸,
裸體,
溫泉,
戶外,
粉紅頭髮,
紫色頭髮,
紅色眼睛,
同性入浴,
共浴,
側馬尾,
坐姿,
毛巾,
水,
濕身,
百合,
背部蝴蝶結,
洋裝蝴蝶結,
漂浮頭髮,
髮管,
舉手,
粉紅蝴蝶結,
粉紅洋裝,
機器人耳朵,
白色背景,
踝部繫帶,
扶手椅,
椅子,
交叉繫帶鞋履,
洋娃娃,
鑽捲髮,
食物,
腳懸空,
叉子,
褶邊緞帶,
褶邊,
水果,
持叉子,
膝併腳開,
洛麗塔時尚,
名字連結,
頸部緞帶,
物品同名,
坐於椅上,
紅色鞋履,
鞋子,
草莓,
1boy,
包包,
黑髮,
領結,
公事包,
灌木,
車內,
閉眼,
白天,
側面,
拿著包,
後仰,
鏡子,
微張唇,
照片背景,
百褶裙,
紅蝴蝶結,
紅領結,
紅裙,
書包,
學生公事包,
睡覺,
袖口,
單人中心,
對話氣泡,
波浪線,
樹,
:o,
飛機,
天線頭髮,
手臂置於腦後,
血,
藍天,
臉紅貼紙,
雲,
閃光,
頭部傾斜,
鼻血,
短袖,
天空,
小胸部,
驚訝,
UFO,
上半身,
白襯衫,
靠牆,
藍領巾,
整齊劉海,
握拳,
閉口,
有領襯衫,
荷蘭角度,
無表情,
眼影,
皺眉,
綠色背心,
灰色裙子,
室內,
雙腿併攏,
化妝,
迷你裙,
領巾,
口袋,
陰影,
波浪頭髮,
肛珠,
手臂背後,
BDSM,
珠子,
床,
皮帶項圈,
緊縛,
緊縛裝,
被綁,
手臂被綁,
箱縛,
乳房露出,
棋盤地板,
項圈,
胯部拉鍊,
假陽具,
門,
門把,
跳蛋,
灌腸,
腳,
女性陰毛,
異性戀,
乳膠,
牽繩,
皮革,
嘴唇,
肚臍,
乳頭,
O環,
地板上,
單膝跪地,
超出畫面,
陰毛,
陰毛微露,
噘嘴,
紅領子,
紅色過膝襪,
性玩具,
馬鐙腿襪,
汗水,
無趾腿襪,
腳趾甲,
腳趾,
過多,
上空,
震動棒,
拉鍊,
手臂環腰,
藍眼,
摺疊馬尾,
手按自己胸部,
擁抱,
後抱,
手足,
姐妹,
黑色褲襪,
橡皮擦,
小型人物,
迷你女孩,
超大物件,
褲襪,
鉛筆,
紅絲帶,
短雙馬尾,
毛衣背心,
動物,
動物圖案,
鳥,
煙囪,
外套,
正面印花內褲,
蘿莉,
連指手套,
內褲特寫,
企鵝,
印花內褲,
屋頂,
圍巾,
雪,
下雪,
裙底,
白色手套,
冬天,
冬季服裝,
髮圈,
光線,
鬆襪,
兔子,
襪子,
蹲姿,
星星符號,
毛絨動物,
毛絨兔子,
毛絨玩具,
陽光束,
陽光,
刷牙,
遮住乳頭,
平坦臀部,
手撫腹部,
粉色內褲,
牙刷,
黃色上衣,
>:),
Q版,
十字,
哥德蘿莉塔,
灰髮,
頭飾,
倒十字,
多層洋裝,
紫色洋裝,
環眼,
V字眉,
手臂支撐,
黑色襪子,
鈕釦,
短披肩,
綠色蝴蝶結,
手掩嘴,
及膝襪,
大蝴蝶結,
躺臥,
無鞋,
鼻紅,
側臥,
格紋,
格紋蝴蝶結,
胸部放置,
乳房壓頭,
灰階,
自動鉛筆,
單色,
素描,
眼淚,
:p,
藍色_內褲,
駱駝趾,
張開_雙腿,
隨你挑,
波比襪,
棕色_鞋履,
從上方,
樂福鞋,
粉色_背景,
紅色_邊框,
短馬尾,
白色_襪子,
黑色_小披肩,
黑色_緞帶,
黑色_大腿襪,
平胸,
毛邊_小披肩,
毛邊_裝飾,
髮型_進氣口,
半閉_眼睛,
低頭看,
pom_pom_(衣服),
怒筋,
畫師名,
舉起_食指,
長裙,
歪嘴,
運動服,
透明_背景,
圍裙,
臂繫帶,
杯子,
窗簾,
女僕,
女僕頭飾,
側面,
桌子,
茶杯,
茶壺,
窗戶,
替代_服裝,
黑色_連衣裙,
女僕化,
手放_肩膀,
茱麗葉袖,
女僕圍裙,
領帶,
胸下,
股縫,
層疊袖子,
褲襪上穿及膝襪,
黃色眼睛,
水晶,
尖牙,
從後面,
滿月,
帽子緞帶,
萊瓦汀_(東方),
光粒子,
莫布帽,
月亮,
單邊上髮,
粉紅色眼睛,
粉紅帽子,
蓬鬆短袖,
紅色背心,
裙裝套裝,
翅膀,
^_^,
黑色邊框,
閉合傘,
隙間_(東方),
陽傘,
戰袍,
髮辮緞帶,
三卦,
傘,
白色連衣裙,
寬袖,
四肢著地,
條狀馬賽克,
彎腰,
打碼,
手肘手套,
吊帶襪,
手套,
高跟鞋,
不可能的衣服,
不可能的連衣裙,
淘氣臉,
無內褲,
粉紅主題,
陰部,
短連衣裙,
貼身,
過膝靴,
水藍眼睛,
水藍頭髮,
耳環,
漸層頭髮,
不可能襯衫,
首飾,
多色頭髮,
粉色手套,
紅色背景,
腿,
大腿帶,
白色鞋履,
書,
服裝切換,
持書,
阿蓋爾背景,
藍色帽子,
低綁長髮,
描邊,
紅色帽子,
!,
藍色裙子,
藍色過膝襪,
脫袖,
髮夾,
淺笑,
V臂,
割座,
X髮飾,
黑色鞋履,
黑色裙子,
角色名,
行走,
童帽,
緊身胸衣,
跨界,
荷葉邊領,
歐基時尚,
戲仿,
豬肉派帽,
剪刀,
風格戲仿,
絲帽,
雙胞胎,
澆水壺,
藍色襪子,
戰鬥姿勢,
日本刀,
拔刀準備,
罩衫,
快樂,
黑色主題,
黑暗,
齒輪,
機器,
鉛筆裙,
長柄武器,
長矛,
藍色戰袍,
櫻花,
手指放嘴邊,
狐耳,
狐尾,
多條尾巴,
無頭飾,
油紙傘,
花瓣,
紅傘,
雙乳分開,
連身曬痕,
日曬膚色,
曬痕,
壓乳,
駕駛艙,
股間摩擦,
飛濺汗滴,
跨坐,
聲優關聯,
仰臥,
唾液,
zzz,
持魔杖,
0_0,
>_<,
乳溝,
漫畫,
害羞,
火車,
整理頭髮,
得意臉,
暴露癖,
手置自身臀部,
陰毛不匹配,
公共猥褻,
洋洋得意,
無碼,
黑色手套,
黑色短褲,
框式乳房,
綠色夾克,
夾克,
夜晚,
敞開衣服,
敞開夾克,
簽名,
綠色內褲,
莉莉安女子學園校服,
木椅,
胸罩,
內衣,
敞開襯衫,
紫色內褲,
脫衣,
未穿裙子,
白色胸罩,
藍色髮帶,
雙水平條紋,
髮帶,
嘴含,
枕頭,
不給糖就搗蛋,
團子,
三色團子,
和菓子,
臀溝,
穿衣,
拉內褲,
側乳,
放大層,
遮臉,
遮住自己的眼睛,
哭泣,
羽毛翅膀,
荷葉邊袖子,
荷葉邊襪子,
紫色主題,
單髮髻,
只穿內衣,
雙髮髻,
勃起,
口交,
馬賽克打碼,
口交,
陰莖,
小陰莖,
乳房擠壓在一起,
手臂環頸,
咬緊牙關,
太陽眼鏡,
牙齒,
阿斯科特,
藍色阿斯科特,
藍色背景,
荷葉邊圍裙,
灰色背景,
灰色主題,
看向前方,
中長髮,
白色圍裙,
白髮,
橙色眼睛,
雙鑽頭,
吊帶背心,
交叉手臂,
膝蓋抬起,
露腰,
白色吊帶背心,
前結上衣,
紫色胸罩,
四格漫畫,
書櫃,
書桌,
醫生,
墜落,
白大褂,
辦公椅,
紙張,
無聲漫畫,
旋轉椅,
棕色過膝襪,
蕾絲,
蕾絲鑲邊腿飾,
蕾絲邊,
鉛筆裙,
正座,
掀衣服,
掀裙子,
額頭,
跪姿,
自己掀衣服,
碗,
筷子,
兔子圖案,
米飯,
飯碗,
閃耀,
綠色阿斯科特,
橙色裙子,
毛衣,
黃色毛衣背心,
特寫,
八分音符,
麥克風,
音符,
指向,
兔耳,
箭頭符號,
伸展雙臂,
前縮,
帽子蝴蝶結,
紫色蝴蝶結,
紅色髮帶,
音效,
電視,
女巫帽,
比基尼,
短上衣,
雙重人格,
褲拉鍊開啟,
側繫比基尼底褲,
無肩帶,
泳裝,
筒狀上衣,
拉鍊拉開,
黃色比基尼,
姬發型,
抬腿,
掀裙,
白色主題,
手臂背後,
藍色主題,
咧嘴笑,
痣,
眼下痣,
購物袋,
無框眼鏡,
圓形眼鏡,
綠色背景,
里程碑慶祝,
謝謝,
單眼遮髮,
影線紋理,
線性影線,
低馬尾,
半身像,
裂嘴,
……,
貓,
說話省略號,
#錯誤！,
^^^,
單眼綁帶,
繃帶,
眼罩,
長腿,
破損衣服,
高領,
紫色裙子,
替代髮型,
手臂上舉,
火焰,
漸層背景,
無陰部,
蝙蝠翅膀,
燈籠褲,
紅月,
岡格尼爾之槍,
白色燈籠褲,
手腕環,
棕色褲襪,
平底鞋,
雙辮,
掀起襯衫,
:<,
?,
掃帚,
騎掃帚,
拉衣服,
想像,
拉褲襪,
思想泡,
白色褲襪,
風,
風吹起,
抬胸,
精液,
身上精液,
乳上精液,
巨乳蘿莉,
乳交,
嬌小,
主觀視角,
黑色頸圈,
黑眼睛,
黑色翅膀,
頸圈,
惡魔少女,
惡魔翅膀,
露肩洋裝,
露肩,
閃亮皮膚,
綠色胸罩,
下乳,
覆蓋肚臍,
連身泳衣,
粉色連身泳衣,
泳池,
泳池梯,
學校泳衣,
涉水,
女性自慰,
自慰,
愛液,
愛液水窪,
拖鞋,
無下裝,
胸罩上提,
陰蒂,
陰道內射精,
黑皮膚女性,
黑皮膚,
狗爬式,
女性高潮,
下垂乳房,
抱腿,
高潮,
性交,
後背性交,
陰道,
拼貼,
頭髮上精液,
顏射,
黑色緊身衣,
緊身衣,
忍者,
乳頭露出,
單乳露出,
拘束,
觸手,
僅上齒,
表情符號,
鋸齒線,
運動線,
俯視底視,
借用角色,
肩披頭髮,
單辮,
床單,
唾液牽絲,
禮服襯衫,
馬克杯,
無胸罩,
袖子捲起,
浮水印,
網址,
維納斯裂隙,
糖霜,
裱花袋,
紅色腕部袖口,
吊帶襪帶,
空洞眼睛,
陰影臉,
茶,
湯吞茶碗,
背靠背,
逗貓棒,
花,
頭上花,
葉子,
葉子背景,
頭上葉子,
項鍊,
粉紅花,
十字圖案,
羽毛,
哥德時尚,
綁帶靴,
單色背景,
紫色鞋履,
紫色緞帶,
荷葉邊洋裝,
拿著羽毛,
蘿莉塔髮帶,
蒼白皮膚,
粉紅領結,
紅色洋裝,
聖誕節,
緊身衣,
聖誕快樂,
紅色緊身衣,
袋子,
聖誕老人裝,
聖誕帽,
耳釘,
白色手套,
櫻桃,
甜點,
拿著湯匙,
冰淇淋,
帕菲,
湯匙,
聖代,
模型,
單隻襪子,
單邊過膝襪,
!?,
:3,
觸角,
新月,
新月別針,
手放在自己頭上,
護士帽,
口中感嘆疑問號,
三角嘴,
;d,
只有Q版,
彈幕,
6+女孩,
旗袍,
中華服裝,
抱持物體,
抱膝,
瑪莉珍鞋,
姆丘,
紅魔館,
5女孩,
平衡,
水桶,
雨,
4女孩,
灰色眼睛,
攤開的書,
閱讀,
側坐,
竹帚,
皇冠,
匕首,
刀,
+_+,
指針鐘,
時鐘,
杯麵,
手放在自己臉上,
口中音符,
替代髮色,
黑色髮帶,
魚,
人魂,
口中問號,
三角頭飾,
金槍魚,
:/,
戴眼鏡,
腰帶,
左撇子,
酒,
藍色胸罩,
瓶子,
蝴蝶結胸罩,
捧胸,
胸圍罩杯,
酒盞,
清酒,
短髮長劉海,
條紋胸罩,
酒壺,
未穿內褲,
海藻酒,
體操短褲,
披風,
體操服,
多重視圖,
拉襯衫,
草,
荷葉邊蝴蝶結,
荷葉邊髮管,
半紮髮,
御符,
緞帶袖邊,
緞帶邊飾,
黃色阿斯科特領,
畏縮,
遊戲機制,
迷因,
梗,
打耳光,
xd,
綠色尾巴,
牽手,
眾人,
魔法少女,
聲優,
高跟涼鞋,
指甲油,
橙色指甲,
涼鞋,
趾甲油,
臂章,
比基尼拉扯,
細繩比基尼,
狗,
綠色連衣裙,
頭巾,
異色瞳,
絨毛狗,
橫坐,
69,
著衣男性裸體女性,
舔陰,
食物圖案,
女上位,
泌乳,
衣服內乳交,
褲子,
陰莖露出,
鼓脹乳頭,
側繫內褲,
草莓內褲,
草莓圖案,
緊握雙手,
沙發,
荷葉邊襯衫,
植物,
盆栽,
光坂私立高校制服,
在床上,
裙圍一腿,
拉裙,
調整眼鏡,
巧克力,
身體上的巧克力,
身體上的食物,
凌亂,
裸體緞帶,
紅花,
紅玫瑰,
玫瑰,
情人節,
彈跳乳房,
籃球,
綁住手腕,
透視衣服,
濃眉,
顫抖,
衣服下震動棒,
內褲下震動棒,
著衣性交,
握住他人大臂,
反向女上位,
臉頰壓扁,
眼神接觸,
面對面,
手放在他人的臉上,
注視另一人,
正式服裝,
抱腿,
吊帶襪帶,
強姦,
抓床單,
瘦弱,
太空服,
西裝,
\||/,
躺在人身上,
多重人格,
無鼻子,
綁縛,
蠟燭,
性轉換,
性轉換_(男轉女),
幼齡化,
長椅,
布魯瑪拉下,
荷葉邊胸罩,
前傾,
拉扯自身衣物,
蟲,
狗耳,
樂器,
魔物娘,
植物娘,
尖耳,
長袍,
魔女,
鈴鐺,
模糊,
景深,
髮鈴,
手放在他人的頭上,
動物手,
黑色項圈,
叮噹鈴,
頸鈴,
即將插入,
即將陰道插入,
內褲掛一腿,
藍色水手服,
棕色髮帶,
披風,
單橫條紋,
白色水手領,
白色裙子,
三男孩,
廣告,
建築物,
大炮,
新月,
膝枕,
挖耳,
俯臥,
棋盤格背景,
藍色圍巾,
拿著食物,
兜帽,
連帽夾克,
粉色夾克,
粉色毛衣,
章魚燒,
撲克牌A,
紅心A,
黑桃A,
牌,
錢幣,
雪貂,
漂浮卡片,
心形,
拿著卡片,
魔術師,
五芒星,
撲克牌,
黑桃形狀,
條紋,
燕尾服,
釣魚,
釣魚竿,
森林,
烤架,
手按頭飾,
烤肉串,
自然,
草帽,
拿著掃帚,
拿著內褲,
拿著內衣,
拿著沒穿衣服,
盒子,
紙箱,
高衩,
高衩比基尼,
海星,
走光,
白色_比基尼,
黑色_腿衣,
泰迪熊,
相機,
手_放在_他人的_肩膀_上,
大笑,
卡片_(中等),
絞索,
繩子,
鐮刀,
塔羅牌,
塔羅牌_(中等),
拉扯,
雙色_背景,
摸頭,
拿著_托盤,
髮圈,
托盤,
白色_髮圈,
腋下_露出,
魚網襪,
頭帶,
高叉_內褲,
巨乳,
日本_服裝,
和服,
o3o,
腰帶,
紫色_手套,
紫色_大腿襪,
腰帶,
有光澤_衣服,
短_和服,
笑臉,
抹胸,
乳房_滑出,
指交,
抓住_他人的_手腕,
拿著_錢,
錢,
塞入_錢,
腰部_圍裙,
透過_大腿_看見_臀部,
阿滋漫大王_校服,
壞_比例,
黑板,
教室,
教師,
冬季制服,
悲傷,
黃色領巾,
看向側邊,
紫色襯衫,
被子下,
腹部,
天使,
憋尿,
多翼,
熾天使,
亂倫,
姿勢,
雙胞胎亂倫,
槍械,
手槍,
持槍,
西格索爾,
手指交扣,
手撫自己頭部,
撕裂襯衫,
撕裂裙子,
手置他人肩上,
蒼白,
敬禮,
兒童同士,
姐妹丼_(性行為),
比較,
刷子,
化妝品,
手袋,
唇膏管,
橙色花朵,
對稱对接,
鬱金香,
背負,
樓梯,
戰鬥,
踢腿,
運動模糊,
無乳頭,
側瞥,
黃色蝴蝶結,
棕色裙子,
低位雙馬尾,
黃色背景,
綠色裙子,
腹部微露,
腹部,
撕裂內褲,
裸體_襯衫,
手臂_置於_桌上,
櫃子,
天花板,
低頭,
手托頭部,
頭部倚靠,
線稿,
架子,
胸袋,
抽繩,
包皮,
扶她_與_女性,
扶她,
無睪丸,
肛門,
衣服_撥開,
手交,
連身泳裝_拉開,
單耳環,
泳裝_撥開,
指甲,
制服,
白色_髮帶,
香菸,
魔法,
魔法陣,
抽菸,
社團名,
三葉草,
四葉草,
蘑菇,
遊戲_封面,
白色_蝴蝶結,
綠色_主題,
角_蝴蝶結,
角飾,
角,
面對_他人,
飛行,
荷葉邊_裙子,
從下方,
張開手掌,
專色,
5格漫畫,
球,
直端,
邪惡_壞笑,
邪惡_微笑,
高馬尾,
持球,
驚慌,
襯衫蝴蝶結,
背對視線,
光線,
負空間,
能量光束,
厚底鞋,
施法,
戰鬥,
魚眼鏡頭,
臉部毛髮,
鬍鬚,
緞帶頸圈,
高對比,
狐娘,
黃色內褲,
黃色尾巴,
自行車短褲,
裙下自行車短褲,
裙下短褲,
說話怒筋,
心形耳環,
膝靴,
圍裙掀起,
胸針,
淺藍色頭髮,
紅色領巾,
白色袖口,
筆,
波波頭,
上下黑邊,
文字焦點,
！！,
卡住,
伸直手臂,
劉海露眼,
部分解開鈕扣,
側掃劉海,
淚眼汪汪,
飄落花瓣,
寬鬆服裝,
袖過手腕,
向日葵,
白色緞帶,
黃色花朵,
抽象背景,
中長裙,
張開雙臂,
專輯封面,
連桿八分音符,
揮手,
透視袖子,
乳暈走光,
身體紅暈,
女穿衣男裸體,
無手乳交,
大乳暈,
舔舐,
舔陰莖,
部分上色,
光澤,
心形對話,
肩帶空隙,
氣泡,
旋轉對稱,
翼領,
陰陽,
棕色背景,
吃東西,
美術惡搞,
飢餓,
格紋,
睡袍,
抓住手臂,
西裝外套,
鐵絲網,
法式深吻,
親吻,
腋下皺褶,
荷葉邊臂帶,
細肩帶,
蒂亞拉,
紗裙,
連帽衫,
泳圈,
運動鞋,
泳圈,
憤怒,
天使翅膀,
小型翅膀,
肩帶,
手臂擁抱,
T恤,
牛仔布,
牛仔短褲,
抓住他人頭髮,
手錶,
腕錶,
4boys,
顏射,
輪姦,
群交,
多根陰莖,
陰莖對乳房,
6+其他人,
電鋸,
惡魔,
腳超出畫面,
加特林機槍,
牛仔褲,
男性焦點,
迷你機槍,
怪物,
多個其他人,
工裝褲,
尖牙,
手臂置於雙腿之間,
籃子,
有領連衣裙,
眉毛被髮遮住,
垂耳,
花盆,
綠花,
灰貓,
持籃子,
仰望,
中長連衣裙,
開門,
開窗,
實心圓瞳孔,
白貓,
手指間,
魚網大腿襪,
苦無,
漣漪,
卷軸,
足袋,
走在液體上,
廁所,
室內鞋,
:>=,
模糊馬賽克,
口中射精,
深喉,
電梯,
手按他人頭部,
抓住頭部,
無意義馬賽克,
手臂自然下垂,
電纜,
數位媒體播放器,
頭髮遮擋,
iPod,
創可貼,
乳頭創可貼,
低腰,
低腰內褲,
乳貼,
蛋糕,
蛋糕片,
糖果,
餅乾,
杯子蛋糕,
紙花邊,
甜甜圈,
半色調,
棒棒糖,
瑪芬,
百奇,
仙貝,
甜食,
面向觀眾,
巨大的呆毛,
長禮服,
緊張,
提裙,
不對稱頭髮,
髮髻罩,
病嬌,
胸罩拉開,
印花胸罩,
雙持,
彈殼,
新娘吊帶襪,
黃色緞帶,
背視,
蕾絲邊胸罩,
蕾絲邊內褲,
肩帶滑落,
圓裙,
頭上動物,
突擊步槍,
赫克勒-科赫,
頭上,
橙色緊身衣,
步槍,
白色緊身衣,
頭髮簾,
輕微臉紅,
部分浸沒,
岩石,
蒸氣,
頭戴毛巾,
中性,
全身套裝,
機動車輛,
摩托車,
車輛主體,
持帽子,
水手帽,
白帽,
背印內褲,
熊內褲,
熊圖案,
雪花,
褶邊過膝襪,
雙手互握,
雙手併攏,
群交,
張開陰部,
黑襯衫,
淺棕髮,
白色頸巾,
喵,
爪手勢,
爪印,
手臂側垂,
黑蝴蝶結,
黑色頭飾,
黑色夾克,
黑色領帶,
便服,
格子領帶,
朋友,
褶邊夾克,
手撫臉部,
暖腿套,
褲裝,
格紋服裝,
格紋裙,
條紋過膝襪,
吐息,
棕色腿衣,
收褶,
機甲,
機器人,
粉色裙子,
捲髮,
分離領,
折扇,
長袍,
手扇,
嘴下痣,
維多利亞式,
女僕比基尼,
非傳統女僕,
德文,
緞帶邊過膝襪,
樹下,
手臂環肩,
團體擁抱,
手撫他人臉,
黑帽,
黑袖,
中央開衩,
精靈,
持法杖,
露肩上衣,
暴露衣著,
法杖,
腹肌,
情侶,
身高差,
肌肉發達,
男性上空,
血管,
喝酒,
裸腿,
藍短褲,
坐墊,
耳機,
足底屈曲,
毛邊夾克,
夾克披肩,
紅夾克,
領夾克,
雙重曝光,
徽章,
軍裝,
多色衣服,
多色夾克,
補丁,
雙色夾克,
白腰帶,
乳溝開衩,
衣服開衩,
伸出手,
伸手,
標牌,
日落,
髮花,
髮夾,
簾子劉海,
迷你帽,
單條紋,
條紋裙,
垂眼,
白色條紋,
自行車,
黑色內褲,
三明治,
白色輪廓,
生日,
手按胸部,
生日快樂,
星星符號背景,
資料夾,
紅框眼鏡,
狐狸,
粉色和服,
泡腳,
年齡差,
吸乳,
姐正太,
正太,
壞結局,
臉上有血,
屍姦,
海灘,
流血,
殺人,
太陽,
遮住下體,
粉色腿襪,
刺狀頭髮,
上下顛倒,
飄落樹葉,
綠色襯衫,
方形四格,
5名男孩,
彎腰靠家具,
即將強暴,
排成一列,
男性陰毛,
學校,
課桌,
奴隸,
固定束縛,
抓住軀幹,
畏縮,
黑色_胸罩,
方便_手臂,
從背後_抓住,
頭髮_蓋胸,
頭_花環,
坐在_樓梯上,
年齡_增大,
即將_親吻,
無袖_上衣,
檸檬,
照片_(物件),
抖化,
旋轉,
無聊,
無感情_性交,
傳教士_位,
拉_褲子,
拉格蘭_袖,
寫字,
六芒星,
內八字腳,
羅馬數字,
星座,
保險套,
保險套_包裝,
背心,
腳放_椅子上,
黑色_背景,
:q,
瞄準,
瓶塞,
祭典,
高個子,
血_水窪,
萌到我要死了！,
傲嬌,
黑色_體操褲,
內容_評級,
編_側馬尾,
短_夾克,
尖牙,
手放_自己_臀部,
粉紅_絲帶,
遮住_自己的_嘴,
頭髮_耳後,
手蓋_自己的_嘴,
拿著_杯子,
盤子,
茶托,
保溫瓶,
管子,
牆,
角色側面,
縱隊排列,
皺眉,
長指甲,
肋骨,
乳房悶殺,
臉貼乳房,
女上位,
幸福性愛,
流口水,
護目鏡,
護目鏡掛脖子,
劍鞘,
鞘,
入鞘,
6+男孩,
面罩,
嘴罩,
忍者面罩,
短劍,
有字幕,
真相,
鎖鏈,
鎖鏈牽繩,
被鎖鏈,
鐐銬,
手銬,
金屬項圈,
跳舞,
地瓜,
動物坐膝上,
罐子,
貓坐膝上,
銀杏樹,
坐膝上,
紅指甲,
極短頭髮,
臀部特寫,
額外耳朵,
腹股溝腱,
擬人化,
撕裂褲子,
共享對話泡,
眼中流血,
擦眼淚,
發光,
發光眼睛,
揮拳,
說話物體,
紅領帶,
白花,
>:(,
胸部羨慕,
額外,
星星耳環,
寬橢圓眼,
綠領結,
灰襪子,
紅頭飾,
兒童,
惡魔尾巴,
無指手套,
寶石,
光環,
無瞳孔,
傳統光環,
白色連身泳裝,
異色瞳,
貝雷帽,
回紋,
誘惑,
裸背,
拉裙子,
膝窩,
內褲撥開,
襯裙,
皮膚凹痕,
不對稱眉毛,
藍緊身衣,
不可能緊身衣,
花花公子兔女郎,
兔尾巴,
波浪嘴,
粉紅胸罩,
波點胸罩,
波點內褲,
兄妹,
睡衣,
條紋睡衣,
條紋褲子,
條紋襯衫,
垂直條紋,
走入,
懷孕,
窒息,
頭超出畫面,
勒頸,
公園長椅,
背包,
色情怪奇,
疲軟,
牆洞,
痛苦,
蘭朵賽魯,
灰色襯衫,
手撫他人臉頰,
百合_(花),
拿著水果,
超大食物,
瞇眼,
褐色調,
陰部偷看,
解開鈕扣,
戒指,
丁字褲,
棕色夾克,
名牌,
棕色背心,
手撫自己手肘,
踝靴,
藍色鞋履,
拿著水桶,
拖把,
交叉雙腿,
調整衣服,
調整腿衣,
旋轉木馬,
手放在腳上,
馬,
騎馬,
騎乘,
頭髮遮眼,
胡蘿蔔髮飾,
衣服文字,
食物主題髮飾,
手放在自己膝蓋上,
鞋帶,
條紋袖子,
人偶關節,
關節,
紅色主題,
短上衣,
愛心手勢,
啤酒,
手插自己頭髮,
飲料杯,
吸管,
單腳站立,
絆倒,
酒杯,
手臂環頸,
單根頭髮吸入,
頭髮向上,
冰淇淋甜筒,
黃色背心,
狗尾巴,
百褶洋裝,
短披肩_(服裝),
鬈髮,
臉部刺青,
隱形椅,
刺青,
淚滴刺青,
濕衣服,
濕頭髮,
濕襯衫,
紫色花朵,
紫玫瑰,
格子布,
紫色邊框,
裁剪短褲,
參考圖,
動漫上色,
唐裝,
黑色背心,
正面,
抽屜櫃,
惡作劇,
御幣,
手撫額頭,
高跟鞋,
乘務員,
無臉,
無臉男性,
足交,
褲襪下內褲,
雙腳足交,
幽靈,
:|,
空白雙眼,
藍色頭飾,
編織馬尾,
電腦,
顯示器,
飲料,
玻璃杯,
紅色手套,
豎瞳,
太陽帽,
太陽裙,
著色眼鏡,
持刀,
吊梢眉,
電吉他,
吉他,
持樂器,
纏胸,
身高尺,
視線移開,
綠色緞帶,
袖帶,
棕色開衫,
棕色襪子,
開衫,
開衫背心,
頭翼,
頭環,
骷髏與交叉骨,
水族箱,
魔鬼魚,
無袖連衣裙,
隧道,
水下,
化妝衣,
披肩,
滴水,
牛奶,
幾乎全裸圍裙,
冰箱,
溢出,
黑色領結,
格子背景,
修女服,
修女,
截肢者,
人造人,
公司名稱,
體育衫,
髮圈,
長辮子,
三圍,
側開衩,
無肩帶胸罩,
白色緊身衣,
腕帶,
黃色胸罩,
黃色髮帶,
軍裝,
手臂倚靠,
灰色夾克,
睏倦,
海綿,
版權通知,
端突き鉈,
鉈_(工具),
公開裸體,
自動販賣機,
藍色體操褲,
灰色大腿襪,
抓別人屁股,
梳子,
漫畫_(物件),
害怕,
思考,
＠_＠,
翻滾,
性交後,
陰部精液,
抓握,
Q版插圖,
霍姆拉巴拉學園校服,
紅色毛衣,
馬甲,
女性變態,
變態,
繪圖板,
拿著摘下的眼鏡,
海洋,
未戴眼鏡,
抱動物,
抱貓,
手撫頭飾,
白化症,
休閒連身泳裝,
懸頸式,
綠色指甲,
層次裙,
吊墜,
肛交,
肛門物件插入,
長腳趾甲,
乳頭刺激,
物件插入,
泳帽,
腳趾蜷曲,
震動棒線,
震動棒貼乳頭,
藍色水手領,
黃色領帶,
貓爪,
蝴蝶網,
電風扇,
手網,
熱,
獅子,
西瓜,
紫色帽子,
手鐲,
腳超出畫面,
金色邊飾,
多色外套,
在地上,
念珠,
紅色外套,
白色外套,
胸甲,
肘甲,
犬牙外露,
手握劍柄,
騎士,
肩甲,
上臂甲,
肩部護甲,
前臂護甲,
射精,
手插口袋,
壞解剖學,
壞腳部,
女性射精,
蒲團,
女女性器摩擦,
雙性戀女性,
雙重插入,
兩女一男三人行,
舔手指,
尖叫,
三人行,
粉色頭飾,
雙性戀男性,
鴨子,
腿上舉,
星星圖案,
圍兜,
麻糬,
麻糬拖痕,
橙子_(水果),
羊,
搖尾巴,
愚人節,
電影海報,
塑膠袋,
海報_(媒介),
黑色花朵,
黑色玫瑰,
藤蔓,
持長柄武器,
單護手甲,
氣場,
鏡頭光暈,
衣服下泳裝,
打結襯衫,
三叉戟,
藍色指甲,
頭髮散開,
裸披風,
細高跟鞋,
高腰裙,
彩虹背景,
冷,
蘋果,
陽剛,
肌肉男,
球拍,
網球拍,
綠色頸飾,
浴室,
擦乾,
擦乾頭髮,
毛巾圍脖子,
轉頭,
體重計,
白色短褲,
控制器,
遙控器,
瑞士捲,
新月帽飾,
帽飾,
星星帽飾,
壞食物,
蜥蜴,
蛇,
探頭,
歡呼,
毛毯,
肚子咕嚕叫,
惡搞,
凝視,
未戴_帽子,
未戴_頭飾,
|_|,
AK-47,
彈藥_帶,
子彈,
彈藥筒,
彈殼_彈出,
灰色_緊身衣,
H&K_UMP,
頭盔,
卡拉什尼科夫_步槍,
輕機槍,
口紅,
M1911,
機槍,
軍事_操作員,
衝鋒槍,
雙手_手交,
微比基尼,
烹飪,
抽搐_陰莖,
手插_口袋,
豎拇指,
水藍_背景,
栗子_嘴,
奇幻,
金色_皇冠,
脛甲,
手握_劍柄,
高跟靴,
站穩,
劍插地,
尖頂_皇冠,
尖刺,
持_香煙,
凌亂_頭髮,
安全別針,
腹部_刺青,
城市,
倚靠,
學校_椅子,
抬腿,
在_桌上,
半框_眼鏡,
條紋_襪,
下框_眼鏡,
白色_翅膀,
捏_乳頭,
手伸_他人_內褲,
手伸進內褲,
十字架項鍊,
點狀鼻子,
拉丁十字架,
粉紅天空,
黃昏,
白色領結,
荷葉邊腿飾,
高爾夫球桿,
照片嵌圖,
祈禱,
水手服,
共撐雨傘,
暗示接吻,
腳底,
展示,
格子衣服,
高領,
高叉連身泳裝,
多色泳裝,
粗大腿,
白色框眼鏡,
寬臀,
斧頭,
能量劍,
御宅族,
盾牌,
蜻蜓,
紙扇,
團扇,
黃色和服,
浴衣,
袖子蓋過手指,
橙色緞帶,
展示脫下的內褲,
骷髏髮飾,
拱背,
只露下齒,
按摩,
混浴,
肥皂泡,
洗澡,
截斷腿部,
雙色洋裝,
彩色皮膚,
傾倒,
白皙皮膚,
尿尿,
撒尿,
看著胸部,
死魚眼,
地板,
當代,
擦嘴,
浴缸,
咖啡,
淋浴,
淚流滿面,
封印之杖,
藍框眼鏡,
手鐲,
暗黑精靈,
老,
老人,
嘆氣,
髮環,
手扶欄杆,
分開頭髮,
睫毛,
眨眼,
抱住自己的手臂,
傳統修女,
壞笑,
改編服裝,
軟管,
機械耳朵,
淺水池,
扇自己涼,
暗示內褲視角,
汽車,
貓在頭上,
旗幟,
躲藏,
突擊面罩,
拿著光劍,
光劍,
太空船,
橙色短褲,
俯伏,
三白眼,
無袖高領,
角色人偶,
抱枕_(物件),
暗示百合,
縫紉,
純色橢圓眼,
禿頭,
鼓,
熊貓,
拔鞘,
寬鬆_褲子,
紅色_褲子,
紅色_背心,
棕色_腰帶,
龍,
摺疊,
膝蓋_至_胸部,
蝙蝠_(動物),
羽毛_圍巾,
棒球帽,
紅色_腰帶,
糟糕_透視,
工裝褲,
黃色_鞋子,
綠框_眼鏡,
迷你_男孩,
紅十字,
疤痕,
骷髏,
巴士,
車牌,
無人類,
壁鐘,
臂環,
藍色_披風,
藍色_寶石,
遮蓋_胸部,
裸體_披風,
裸體_封面,
豎起_領子,
肩墊,
多個_四格漫畫,
吹口哨,
多個_痣,
柱狀_黑邊,
緊繃_衣服,
緊繃_洋裝,
胸罩_透視_可見,
揚起_眉毛,
緊身_衣服,
緊身_襯衫,
紅色_領巾,
筆記型電腦,
白色_玫瑰,
法文_文字,
深藍色_頭髮,
棕色_主題,
耳標,
毛邊_袖子,
多枚_戒指,
獸交,
精液絲,
長舌頭,
前後夾擊,
觸手性交,
協助強姦,
動物帽,
燒毀衣服,
彩屑,
雙手穿反袖,
非傳統巫女,
吊帶,
茶具組,
u_u,
手臂環背,
假光環,
假翅膀,
手置他人腰,
蕾絲內褲,
未穿衣服,
圖書館,
條紋洋裝,
紅色布魯瑪,
綠色圍裙,
裸圍裙,
無眼,
紫色背景,
紫色頭飾,
閃耀背景,
冰棒,
書堆,
梅花_(形狀),
方塊_(形狀),
掉落,
V形眼睛,
並排,
膝蓋抬起,
敞開洋裝,
動作,
決鬥,
狐狸面具,
持面具,
紫色和服,
害羞,
未戴面具,
鏈項鍊,
紅色襯衫,
陰道後,
精液滴落,
自己撐開陰部,
撕裂連褲襪,
衣服上血跡,
切傷,
受傷,
室內,
飯杓,
髮豆,
介面頭戴耳機,
機甲駕駛服,
插拔服,
雙排扣,
綠色腿衣,
眼罩,
布雷克戈貢,
握持鎖鏈,
無肩帶洋裝,
露背服裝,
藍色花朵,
花卉背景,
花卉圖案,
纖細雙腿,
腳鏈,
海豚,
紅色比基尼,
運動比基尼,
坦克比基尼,
尾巴鈴鐺,
尾巴飾品,
城市景觀,
紫色天空,
摩天大樓,
戰錘,
漩渦棒棒糖,
黑色水手服,
模糊背景,
灰色領巾,
灰色水手領,
雙手置於自身大腿,
多彩背景,
粉紅玫瑰,
拉起水手領,
剪影,
大衛之星,
白色臂帶,
手鏡,
棕色洋裝,
荷葉邊內褲,
矢絣,
調整頭飾,
鞋飾蝴蝶結,
拿著_公事包,
殘影,
咖哩,
蒲鉾,
肉,
鳴門捲,
麵條,
拉麵,
杆,
高領_毛衣,
頭上_頭,
棋盤遊戲,
折扇,
將棋,
鳥居,
褶邊_襯衫領,
白色_袖子,
撕裂_袖子,
未戴_髮飾,
米色_背景,
焦散,
格子,
紫色_比基尼,
熊耳,
注目線,
骨盆簾,
白色_短披風,
變體,
過膝襪內_震動棒,
藍色_手套,
投影陰影,
毛領,
黃色_披風,
協助暴露,
藍色_領帶,
掀裙,
包子,
倒刺鐵絲,
出角色,
肩後,
風衣,
武器_肩上,
週年紀念,
棕色_帽子,
假髮,
骰子,
骰子_髮飾,
多個_髮蝴蝶結,
紅色_頸圈,
橙色_比基尼,
聚光燈,
不對稱對接,
比基尼曬痕,
合作口交,
性團隊合作,
睪丸,
拉襪,
靠著樹,
心形巧克力,
心形食物,
鬍子,
穿衣動物,
青蛙,
鑰匙,
單片眼鏡,
貓頭鷹,
嘴裡叼菸斗,
抽菸斗,
上弦鑰匙,
旭日光輝,
瞄準觀眾,
拿著茶托,
地毯,
坐在大腿上,
坐在人身上,
在容器中,
在杯子裡,
在食物中,
醬油,
前扣胸罩,
敞開胸罩,
敞開裙子,
拉襯衫,
遮住乳頭,
學蘭,
射在屁股上,
無身體陰莖,
隱形陰莖,
樹枝,
手機,
翻蓋手機,
橙色及膝襪,
電話,
餐巾,
面紙盒,
舞者,
拿著鞭子,
低腰比基尼,
鞭子,
多雲天空,
豐滿,
弓_(武器),
毛邊兜帽,
毛邊短褲,
手撫自己膝蓋,
迷你皇冠,
黃色襪子,
斑駁陽光,
握肩帶,
陰影,
樹蔭,
外星人,
生物,
眼球,
獨眼,
黏液_(物質),
乳酪,
鼠_(動物),
鼠耳,
鼠娘,
鼠尾,
生病,
鼻涕,
春蔥,
祭司,
推車,
持匕首,
仰頭,
青筋手臂,
裸背帶褲,
背帶短褲,
留聲機,
唱片,
3/4視角,
袖扣,
假動物耳,
多色連衣裙,
隆起,
暗示扶她,
抱枕,
手上沾血,
3d,
藍襯衫,
全息介面,
多色襯衫,
使用者介面,
百葉窗,
日曆_(媒介),
棍棒_(武器),
灰色褲子,
金棒,
尖刺棍棒,
甜甜圈髮髻,
性暗示,
竹子,
竹林,
木屐,
大腿間,
護士,
雙腿間,
手置雙腿間,
色紙,
手臂置頭後,
海灘傘,
交叉影線,
交替翅膀,
橙色領巾,
警告標誌,
淚滴,
惱怒,
揚眉,
道路,
科幻,
透視襯衫,
紅天,
甩髮,
圓形陣型,
胎兒姿勢,
戳刺,
特定姿勢,
抓衣,
躲在他人後,
兩指敬禮,
黑皮膚男性,
寒松與薄夜_(fate),
空中煙火,
袋裝魚,
黑色和服,
煙火,
魚圖案,
金魚,
綠色腰帶,
持扇,
遠望,
粉色腰帶,
印花和服,
刨冰,
女攻,
綁帶假陽具,
你要被強姦了,
貼玻璃,
乳房貼玻璃,
反向坐姿,
困惑,
粉紅褲子,
偷看,
偷窺,
d:,
緊繃襯衫,
仙人掌,
河流,
直立跨坐,
痴漢,
猥褻,
腿交,
隔著衣服,
日本,
運動中,
鞋底,
足球,
足球,
泰爾斯塔,
逆反姿勢,
梯子,
彩虹,
風景,
廣角,
異常長髮,
夜空,
mmf三人行,
射在衣服上,
單垂直條紋,
仿傳統媒材,
額外眼睛,
網點背景,
持針,
針,
音樂,
唱歌,
食物插入,
持蔬菜,
熟女,
蔬菜,
布魯瑪撥開,
肥胖,
胖男人,
羞辱,
鼻孔,
側光,
水瓶,
鑽頭,
玩遊戲,
牡丹_(花),
鞋懸,
單鞋,
內嵌,
V遮眼,
手撐頭,
假鬍鬚,
假鬍子,
玩弄他人頭髮,
拿筆,
官方替代服裝,
婚紗,
拿串,
橙色主題,
串,
果醬,
母女,
V領,
網眼褲襪,
互相擁抱,
貝雷塔_92,
荷葉邊髮帶,
緞帶裝飾服裝,
心形瞳孔,
符號形瞳孔,
拿碗,
條紋連體泳衣,
斜條紋,
濕地板,
手臂緞帶,
腳上精液,
坐臉,
拉他人衣服,
萊卡布,
泡沫馬賽克,
水槍,
烘焙,
廚房,
FFF三人行,
夾鼻眼鏡,
多騎手,
薯片_(食物),
剪頭髮,
理髮,
斷髮,
在車上,
電線,
電線桿,
藍色比基尼,
拿著鞋子,
火車站,
沙灘球,
拿著沙灘球,
鐵路平交道,
建築,
箭矢,
司機帽,
東亞建築,
袴,
袴裙,
巫女,
腰帶繫帶,
御籤,
紅色袴,
七寶_(圖案),
打哈欠,
花冠,
包包掛飾,
藍色夾克,
藍色褲子,
花束,
掛飾_(物件),
参差劉海,
手握把,
拿著花束,
山脈地平線,
紫色水手領,
紫色水手服,
火車內部,
消失點,
木地板,
條紋蝴蝶結,
黃色主題,
秋葉,
咬,
條紋領結,
手放在他人胸前,
木槌,
魷魚,
血濺,
裁切軀幹,
看著物體,
扳機紀律,
神樂鈴,
大幣,
紙垂,
短刀,
法棍,
麵包,
廚師,
鳥群,
果汁盒,
海鷗,
氣球,
置物櫃,
更衣室,
嗅聞,
聞衣服,
帽羽,
大帽子,
搖擺背部,
吊帶裙,
射箭,
黑色袴,
仿製品人偶,
弓道,
胸護,
半指手套,
單手套,
綁縛_(非性),
弓手套,
弓_(弓),
蕾絲鑲邊手套,
扣環,
星彰小學制服,
手搭他人手臂,
手搭他人背部,
:x,
食物沾臉,
黃色短褲,
商務套裝,
裙裝套裝,
艾克斯卡利伯_(fate/stay_night),
牛仔裙,
前貼,
竹刀,
不對稱服裝,
手置己腿,
肛門指交,
陰蒂刺激,
新月髮飾,
盒中,
月亮_(飾品),
白色頭飾,
緞帶鑲邊裙,
高踢腿,
一字馬,
站立一字馬,
螢火蟲,
彩色_陰毛,
閃光,
伸展,
綠色_頸巾,
綠色_水手領,
嫉妒,
猴子,
星星_(天空),
星空,
頭飾,
蓬鬆_長袖,
灰色_背心,
印花_緞帶,
紫色_領帶,
粉色_鞋履,
格子_裙子,
羅馬字_文字,
肩背包,
條紋_尾巴,
竹蒸籠,
飛散_淚滴,
撕破_過膝襪,
紫色_短褲,
電腦_鍵盤,
側坐,
陰陽師,
動物_服裝,
貓_服裝,
高音_譜號,
式神,
卡普里_褲,
扶桑花,
競技_泳裝,
長_脖子,
粉色_比基尼,
護目鏡_戴在頭上,
踢水板,
黑色_一件式泳裝,
泳池_邊,
藍色_一件式泳裝,
股間,
舊式_泳裝,
桃子,
裙子_籃子,
香蕉,
半開_陰戶,
雙面_布料,
摩擦,
反向_前后夾擊,
手里劍,
舉拳,
護腕,
紅色連體衣,
意外,
彩色髮梢,
餵食,
玻璃桌,
餐廳,
皮帶扣,
棕色腰帶,
魔導書,
愛麗絲魔導書,
窗戶陰影,
獅耳,
愛撫睪丸,
發光翅膀,
發交,
吸吮睪丸,
被打屁股,
打屁股,
持湯勺,
湯勺,
雀斑,
蓮蓬頭,
清潔,
麵包片,
嘴含食物,
褌,
吐司,
嘴含吐司,
藍色領結,
持筷子,
烏冬麵,
覆盆子,
;o,
燈光,
水坑,
反射,
水面反射,
奔跑,
濕內褲,
藍色連身褲,
遺跡,
紫色尾巴,
黑色羽毛,
豎條紋服裝,
豎條紋襪,
手印,
持花,
圖案背景,
倚靠他人,
裸露髖部,
服裝失誤,
你做錯了,
交通錐,
碎片,
畫面外遮蔽,
捏臉頰,
拉嘴,
捏,
凝結尾跡,
山羊鬍,
導彈,
臉部標記,
巷子,
城鎮,
褲管捲起,
煙管,
破損眼鏡,
橙框眼鏡,
挺拔乳房,
鼓組,
鼓棒,
蕾絲胸罩,
腹白線,
中線溝,
粉色襪子,
單袖,
藍色皮膚,
體溫計,
寶奇吻,
共享食物,
兔女郎,
短尾巴,
鬼,
頭部,
長得像,
踮腳尖,
新娘護手,
荷葉邊枕頭,
三葉草,
遮眼,
1990年代_(風格),
像素藝術,
復古藝術風格,
拿盤子,
攻擊,
爬行,
畫作_(物件),
大鋼琴,
鋼琴,
鋼琴凳,
瓷磚天花板,
瓷磚,
玫瑰經,
釘十字架,
反向懸吊交合,
花朵特寫,
發光花朵,
風景,
月光,
山,
灰色外套,
長外套,
粉紅外套,
白色圍巾,
在箱子上,
美國國旗,
法國國旗,
德國國旗,
義大利國旗,
日本國旗,
俄羅斯國旗,
國旗串,
米字旗,
友枝小學制服,
橙色天空,
橋,
黑框眼鏡,
印花過膝襪,
身體塗寫,
比基尼裙,
牛仔帽,
牛仔西部,
流蘇邊飾,
紅色胸罩,
海盜,
荷葉邊領結,
秋天,
異常睜大的眼睛,
成熟男性,
鬢角,
灰色內褲,
肛毛,
過多陰毛,
海貝殼,
貝殼,
繃帶腿,
機甲娘,
手指_在_自己_嘴裡,
大腿帶_褲襪,
綠色_鞋履,
綠色_襪子,
鐵鎚,
拿著_鐵鎚,
隔著_衣服_指交,
隔著_內褲_指交,
精液_在_眼鏡上,
精液_在_地板上,
股繩,
部分_脫衣,
伸手_向_觀眾,
溪流,
亞洲人,
展示_乳房,
橙色_襯衫,
圓形_剪裁,
高側_馬尾,
沙,
鬆開_比基尼,
柱子,
柱子,
拿著_相機,
藍色_輪廓,
左輪手槍,
躺椅,
博麗神社,
醉酒,
清酒瓶,
手臂_在_乳房下,
細帶內褲,
人形_機器人,
服裝,
萬聖節,
南瓜燈,
豹紋,
南瓜,
吸血鬼,
破魔矢,
藍色_開衫,
手指尖_相對,
壓抑_乳房,
高衩_連體衣,
紫色_連體衣,
星星_髮飾,
原聲吉他,
蝴蝶,
拿著_吉他,
紅色_蝴蝶,
巨大陰莖,
手放在自己脖子上,
楓葉,
交叉綁帶服裝,
交叉綁帶袖子,
鞋花,
頸花,
維納斯符號,
纖腰,
漂浮,
漂浮書本,
漂浮物體,
橙色夾克,
布告欄,
瓷磚地板,
四股馬尾,
沙龍裙,
白色沙龍裙,
蛙綑,
緊縛,
臉埋臀部,
母子,
嗅聞,
煙霧,
柔韌,
二進位,
水藍色洋裝,
拱形王冠,
無胸衣物,
緊身胸衣,
斜臥,
荷葉邊手套,
紅唇,
短背心,
金手鐲,
圈耳環,
腰布,
頸環,
開襟背心,
內褲外露,
白色管上衣,
コミケ,
人群,
拿標語牌,
人們,
卍字符,
在欄杆上,
欄杆,
棕櫚樹,
死亡,
罐子,
過於字面,
黃色洋裝,
氣泡,
丁字比基尼,
決鬥學園制服_(遊戲王GX),
抓住自己的頭髮,
塗鴉嵌入,
灰色緞帶,
灰色翅膀,
抓住自己的臀部,
品牌仿製品,
母乳,
法式編髮,
巨型乳頭,
擠奶機,
音符髮飾,
鷹,
超大動物,
騎乘動物,
鬆開領帶,
橙色蝴蝶結,
橙色領結,
長上衣,
雙色頭髮,
在草地,
雙色腿服,
什麼,
武器上的血跡,
蛋,
產蛋,
香腸,
陰道物體插入,
搖晃,
榻榻米,
藍色包包,
未佩戴包包,
反向口交,
黑色水手領,
可樂瓶眼鏡,
點狀背景,
逆光,
表情,
手撫自己的臉頰,
嚴肅,
喊叫,
發脾氣,
睜大眼睛,
飛踢,
持釣竿,
馬尾,
巨大武器,
明亮瞳孔,
咀嚼,
鯛魚燒,
白色瞳孔,
綠色過膝襪,
運動內衣,
白色運動內衣,
手臂體毛,
手臂被拉回,
體毛,
胸毛,
腿毛,
呻吟,
粉色髮圈,
側辮,
抓住大腿,
幼兒控,
黑色眼罩,
遮眼,
雙乳之間,
綁髮,
長笛,
持長笛,
直笛,
棕色手套,
燕尾,
肩章,
小雞,
爐灶,
紅色斗篷,
水槽,
放大器,
鳥嘴,
卡拉OK,
歌詞,
頁碼,
粉色領帶,
站立性交,
手按他人胸部,
姻親,
繼兄妹,
跌倒,
霍格華茲校服,
無上衣,
軍帽,
真人插入,
西裝外套,
頭巾,
未穿_襯衫,
機甲_焦點,
雜誌_(物件),
透視_腿衣,
2格,
第四牆,
妖精,
手臂上_動物,
手臂上_鳥,
調整_泳裝,
格紋_比基尼,
膝蓋_OK繃,
腿部_OK繃,
羅紋_腿衣,
輕度_遮蔽,
頭髮_堆疊,
兜帽_放下,
白百合,
動物_擁抱,
戳_胸部,
霧,
手撫_自己手臂,
骨頭,
藍色_和服,
荷葉邊_和服,
口中_花朵,
流蘇,
跺腳,
束縛_軀幹,
胸部_束縛,
紅色_繩子,
黃色_髮圈,
襠片,
地球_(行星),
行星,
太空,
打火機,
振假名,
閃電_符號,
小說_封面,
襯衫_塞入,
夏季_制服,
拿著_瓶子,
手_木偶,
木偶,
繡球花,
小狗,
活的_衣服,
投擲_小刀,
替代_顏色,
蝙蝠圖案,
鑽石鏤空,
橙色褲襪,
印花褲襪,
雲上,
紫色阿斯科特領帶,
白色腿衣,
瀑布,
陰部汁液污漬,
尿道,
蒲公英,
透視,
落下羽毛,
睡袍,
圓圈,
常春藤,
圓形圖像,
多色緞帶,
格子緞帶,
紅色星星,
曲線身材,
前縫腿衣,
灰色腿衣,
巨臀,
接縫腿衣,
藍色腿衣,
戰鬥靴,
張開手指,
背心裙,
黑色褲子,
爆炸,
格子襯衫,
>o<,
食物主題服裝,
一件式丁字褲,
體型差異,
丁字褲緊身衣,
尖銳指甲,
有翼鞋履,
有翼帽子,
靜止圖案,
迷你短褲,
行李箱,
訓練胸罩,
黃色大腿襪,
圓點比基尼,
泳裝下褲襪,
腋交,
漢堡,
七夕,
草履,
灰色_領帶,
鬆腰帶,
純文字頁面,
睜眼哭泣,
做夢,
爪子,
角飾緞帶,
黑貓,
貓髮飾,
寵物食品,
手機,
推拉門,
陽台,
持麥克風,
強勢女性,
手放在他人脖子上,
第3新東京市中學制服,
跑車,
摩擦,
抓住他人下巴,
手放在他人下巴上,
雞肉_(食物),
坐在物體上,
用腳握持,
POV手部,
吉祥物,
:>,
掌上遊戲機,
任天堂DS,
節肢動物女孩,
蟑螂,
灰色鞋子,
標誌,
鐵軌,
鬧鐘,
數位時鐘,
格子內褲,
短襪,
在沙發上,
雞毛撣子,
掃描線,
遊戲機,
遊戲控制器,
印度式坐姿,
電子遊戲,
生日蛋糕,
動物耳髮箍,
白色褲子,
背部刺青,
惡魔_男孩,
假陽具_騎乘,
手指_吮吸,
男性_被插入,
陰莖上_保險套,
使用過_保險套,
陰莖上_使用過保險套,
棕色_褲子,
肚臍_穿環,
穿環,
被插入時_射精,
無手_射精,
下垂_兔耳,
潤滑劑,
男性_自慰,
燈柱,
執事,
散彈槍,
荷葉邊_頭飾,
在岩石上,
壺_(容器),
絨毛_蛙,
路面,
美術_畫筆,
畫筆,
繪畫_(動作),
調色盤_(物件),
編髮_環,
髮圈,
紅色_寶石,
特徵_連接,
白色_眼睛,
絲帶_束縛,
黑色_比基尼,
眼鏡_置頭上,
不可能_泳裝,
粉紅_嘴唇,
紫色_髮圈,
不對齊_乳房,
門道,
石_地板,
無身_手,
曼珠沙華,
殭屍,
布丁,
深綠色_頭髮,
矩形_嘴巴,
紅色_圍巾,
新娘,
非洲小辮,
瘋狂_眼睛,
滿臉_臉紅,
拉裙子,
掀他人衣服,
射擊,
槍口閃光,
綠色比基尼,
頭髮遮單乳,
重機裝,
機車服,
開襠連體衣,
衣服夾腿間,
黑色镶邊,
十字綁帶裙,
希臘十字,
長劉海,
色情,
粉色連體衣,
頭部物品,
男男,
頭巾,
紫色腰帶,
立繪,
拍手,
不對稱雙馬尾,
黑鍵_(type-moon),
草書,
多把劍,
無嘴,
發光劍,
發光武器,
未綁,
不同髮長,
替代武器,
無翅膀,
綠色開衫,
低領視角,
心形髮飾,
脖子,
女王,
無腿裝,
彩色睫毛,
水龍頭,
粉色髮帶,
紫色頸圈,
尾巴上舉,
脫他人衣,
拿盒子,
粉色睡衣,
分享食物,
單邊側劉海,
鬆散髮絲,
船錨,
虎鯨,
假截圖,
雙震動手柄,
遊戲手柄,
多任務,
PlayStation控制器,
產品置入,
狗娘,
鳥類圖案,
千早_(服裝),
鶴_(動物),
戳臉頰,
暖桌,
蜜橘,
藍色尾巴,
持牽繩,
爪鞋,
粉彩色調,
對稱,
禮物,
持禮物,
食物攤位,
燈籠,
紙燈籠,
屋台,
手臂置於胸下,
清潔抹布,
未穿襪子,
雙垂直條紋,
走廊,
持絨毛玩具,
咬口塞,
口塞,
被口塞,
獸人,
獸人男性,
團體照,
寫實,
舌上精液,
握陰莖,
小指翹起,
預射液,
筋脈陰莖,
靜脈滴注,
語尾驚嘆號,
耳機掛頸,
木刀,
木劍,
凳子,
黃蝴蝶,
心形胸針,
手指併攏,
食指併攏,
手上鳥,
過大襯衫,
袖子過肘,
\o/,
青蛙髮飾,
船,
船艇,
雷射,
+++,
肩上坐姿,
洗衣機,
戰鬥刀,
黑色毛衣,
黑色內搭衫,
大門,
出軌_(關係),
失敗,
NTR,
醜男,
叉匙,
眼袋,
韓文,
桌上,
擔憂,
大象,
創意打碼,
橙色毛衣,
駕駛,
摩托車上,
騎槍,
骷髏,
藍圍裙,
奶油,
食物置胸,
小部屋制服,
褶襯衫,
柔和色調,
裸裹床單,
嬰兒,
哺乳,
如果交配,
母性,
擊掌,
大型注射器,
注射器,
人字拖,
帽穗,
搖桿,
地圖,
橙色帽子,
晴天娃娃,
護符,
紫色斗篷,
包紮手臂,
雜誌封面,
下垂乳房,
頭戴耳機,
流星,
飛機,
內褲勒股溝,
褲子敞開,
圓形牙齒,
將頭髮塞耳後,
衣服被偷,
偷竊,
未穿胸罩,
中國生肖,
強調線,
鬍鬚標記,
發光的手,
耳朵抖動,
格子背景,
城市燈光,
秀女裙子,
手放在自己肚子上,
不對稱瀏海,
多餘的手臂,
體操,
體操圈,
九字訣,
火星符號,
擴音器,
啦啦隊彩球,
韻律體操,
透明,
啦啦隊員,
橙色內褲,
太陽符號,
運動緊身衣,
粉色短褲,
扳手,
髖部開衩,
手腕緞帶,
綠色帽子,
綠色長袍,
條紋比基尼,
自由潛水,
不對稱翅膀,
持撥片,
撥片,
紅色陰毛,
舔嘴唇,
手臂暖袖,
臂環,
蝴蝶坐姿,
羽毛筆,
雙手,
飯團,
人魂圖案,
站在液體上,
雜亂房間,
張開肛門,
黃色領結,
交叉瀏海,
磚塊,
立方體,
堆疊,
攪拌碗,
毛邊連衣裙,
毛袖口,
內褲戴頭上,
手機照片,
自拍,
黃色項圈,
部分可見陰部,
藍色邊框,
表情服裝,
手按臉頰,
鼻涕泡,
螺旋,
孤單,
衛生紙,
手置己肩,
無葉樹木,
共用衣服,
共用圍巾,
冬季大衣,
懷錶,
破碎,
抽屜,
河畔,
紫色連褲襪,
扶她與扶她,
扶她自慰,
互相手淫,
陰莖相觸,
毛邊裙,
紅色連指手套,
腰帶裙,
毛衣連身裙,
戴手套手交,
雙手手交,
開檔褲,
綠色披風,
瞳孔收縮,
新月圖案,
瞳孔不對稱,
烤地瓜,
出鞘,
肋差,
輪椅,
背屈,
石燈籠,
動物中心,
潛水,
冰,
飛濺,
天平,
鎖喉,
運動服,
持刀鞘,
便當,
精液在容器中,
精液在杯中,
向上指,
棕色圍巾,
田野,
灰色連身裙,
紫色披風,
身體彩繪,
標記,
天狗面具,
向下指,
空調,
菜單,
未繫鞋帶,
鑽石_(寶石),
千金小姐姿勢,
公主,
爪手套,
腿帶,
圖表,
妖精翅膀,
假角,
帶角頭盔,
鐵絲,
吐舌拉眼皮,
拉眼皮,
鬍鬚,
追逐,
大衣,
測量,
灰色短褲,
四指心形手勢,
比基尼底褲移開,
蠕蟲,
球口枷,
綁在一起,
塑料球口枷,
性愛機器,
育兒袋,
蝸牛,
彈弓泳裝,
懸吊,
美人魚,
蝦,
天婦羅蝦,
天婦羅,
魚鰭,
頭部魚鰭,
鰓,
棒球,
敞開外套,
絲綢,
直立睡姿,
蜘蛛網,
木桶,
鞋飾緞帶,
反器材步槍,
手撫自己臀部,
狙擊步槍,
紫色袴,
打蛋器,
後梳頭髮,
陰莖貼臉,
警察,
警察制服,
女警察,
嘴部流血,
雙V,
擦汗,
手置衣內,
拳擊短褲,
金星酒窩,
抓腿,
男用內褲,
錄製中,
寵物碗,
裸裹毛巾,
折疊椅,
手臂夾乳房,
臉埋乳溝,
頭埋乳溝,
動物拖鞋,
持傘,
紫色罩袍,
黑色吊襪帶,
親吻臉頰,
持飲料,
尾巴緞帶,
帽花,
夏季,
捲曲犄角,
醒來,
演奏樂器,
麥克風架,
喇叭,
騎鞭,
大提琴,
街道,
持鼓棒,
貝斯吉他,
電貝斯吉他,
衣櫥,
灰色毛衣,
持蓮蓬頭,
淋浴間,
肥皂瓶,
黑色腰帶,
手指扣扳機,
M16,
撚頭髮,
嘴含吸管,
看食物,
低雙辮,
雙色鞋履,
白色毛衣,
敞開袍子,
膠帶,
手臂互鎖,
打字,
小便池,
煮鍋,
萵苣,
可抓握頭髮,
頸部吊襪帶,
黑色緊身衣,
無肩帶緊身衣,
暗示性液體,
長尖耳朵,
牛耳朵,
牛娘,
牛印,
牛尾巴,
牛鈴,
粗重呼吸,
鎧甲手套,
胸甲,
短上衣,
毛邊腿衣,
裸露短袍,
細繩,
競賽學校泳裝,
雙關語,
稀疏陰毛,
浴凳,
呆毛,
坐在凳上,
怒容,
側辮,
淺紫色頭髮,
巨大月亮,
豎琴,
和風女僕,
有簷帽,
角色反轉,
白色領帶,
綠色領帶,
過框眼鏡,
限定色盤,
玩具,
黑色尾巴,
粉紅翅膀,
^o^,
雪人,
複製人,
黑色外套,
給予,
廁所隔間,
寵物扮演,
多色腿衣,
條紋褲襪,
帳篷,
磁磚牆,
尿自己,
透視裙,
磚牆,
手撐牆,
手抓屁股,
張開屁股,
臀交,
陰莖貼屁股,
獨眼巨人,
紅色皮膚,
衣服下觸手,
白色毛皮,
抓自己乳房,
暗示性交,
蒸汽審查,
棕色短褲,
灰色腰帶,
高叉裙,
超短裙,
米特拉_(ff11),
內凹乳頭,
健美,
健美女,
全套扶她,
手指含他人嘴,
手握他人手,
湯匙式,
後宮,
拉裙子,
伸手環抱,
橙色圍巾,
舔他人脖子,
開襠短褲,
遙控震動棒,
噓聲,
燈,
菸盒,
菱形紋衣服,
菱形紋腿衣,
手臂環腰,
多座鳥居,
綠茶,
坐墊,
拉弓,
持弓_(武器),
水藍主題,
嘴含緞帶,
髮間露耳,
蕾絲邊洋裝,
透視洋裝,
額頭印記,
曙目,
浴袍,
新年快樂,
新年,
多彩眼睛,
持旗,
抱書,
視覺小說,
荷葉邊帽子,
腋下夾持,
地毯,
說話波浪線,
推,
細看才發現,
指針,
蓬萊玉枝,
荷葉邊比基尼,
波卡點泳裝,
揮砍,
連體絲襪,
綠手套,
手按耳機,
角色遮擋,
棒球棒,
天花板燈,
粉紅圍裙,
健身房,
排球,
排球_(物件),
散景,
衣服卡在乳溝,
創作者連結,
持注射器,
雪茄,
低語,
十字髮飾,
衣服咬在嘴裡,
黑色吊帶背心,
圓錐髮髻,
瓜麵包,
注視陰莖,
陰莖驚嘆,
封面圖像,
投影內嵌,
鍵盤_(樂器),
小號,
小提琴,
吻痕,
唇膏印記,
跨床視角,
手肘倚靠,
噴射母乳,
飲料罐,
汽水罐,
動物化,
徽章,
鈕扣徽章,
電腦滑鼠,
父女,
突然親吻,
薄紗,
捲起袖子,
鋸子,
煎鍋,
鍋鏟,
地平線,
坐在水上,
波浪,
海報_(物件),
蓬鬆褲子,
蓬鬆短褲,
小乳頭,
啊嘿顏,
抓臀部,
穿衣女性裸體女性,
精液溢出,
幹傻了,
舔腋窩,
辦公室女士,
反向直立跨坐,
懸吊傳教士位,
紅綠燈,
全裸,
着衣緊縛,
擴張桿,
乳間髮絲,
水晶球,
橙色調眼鏡,
指向觀眾,
阿弗羅髮型,
鬼臉,
向前指向,
狗牌,
眼罩,
彩繪玻璃,
烤箱手套,
懸掛,
輻射符號,
火箭,
精液池,
內褲鬆綁,
持有御幣,
臉部拳擊,
臉上,
粉色頸圈,
臂甲,
安慰,
全身鎧甲,
荷葉邊連體衣,
矩形眼鏡,
紅色內褲,
耳塞耳機,
耳機,
老虎,
分離呆毛,
炸彈,
爆炸物,
軍用車輛,
尖鼻子,
坦克,
虎耳,
暗示自慰,
蛇女,
鱗片,
水母,
羽衣,
衣架,
背背,
腰部蝴蝶結,
持有珠寶,
持有項鍊,
橙色邊框,
寬闊肩膀,
口中保險套,
紅色腿衣,
惣流·明日香·蘭格雷_(cosplay),
藍色髮圈,
磚塊地板,
中央荷葉邊,
背帶,
側身傾斜,
機械光環,
體操鞍馬,
貪吃鬼,
花瓶,
睡帽,
玩家2,
繪圖程式在畫面中,
淺水,
牛頭怪,
光束_步槍,
能量_槍,
擬人化,
壞_手,
鏟子,
綠色_頭巾,
未佩戴_背包,
手_焦點,
握手,
石_牆,
角色_年齡,
濕_泳裝,
武器_背後,
黃色_裙子,
尿_漬,
胡蘿蔔,
瓜,
草莓_髮飾,
番茄,
非傳統_兔女郎,
浣熊_耳朵,
胯部_護板,
融合,
字母_髮飾,
積雨雲,
傍晚,
;(,
陰莖_觸手,
髮_簪,
手榴彈,
手_膝上,
綠色_連身_泳裝,
合作_乳交,
乳交,
棕框_眼鏡,
灰色_吊帶衫,
polo_衫,
偶像,
電腦_前,
視線_移開,
雜貨,
拿_西瓜,
伸直_腿,
拉_過膝襪,
彈_鋼琴,
樂譜,
溶解_衣服,
垂直_條紋_內褲,
衣服下_比基尼,
格紋連衣裙,
機動戰服,
製作名單,
有畫框,
互相高潮,
橙色鞋子,
拿着魚,
非人形機器人,
機器動物,
腰帶袋,
高領連衣裙,
速度線,
望遠鏡,
華麗服裝,
敗北,
解開鈕扣襯衫,
昏迷,
有領披風,
混合語言文字,
樹樁,
強姦後,
紫色指甲,
肛門液體,
戰鬥步槍,
雞尾酒,
側向,
房屋,
門廊,
黑色雨傘,
肩扛雨傘,
美術錯誤,
熊,
熊裝,
髖骨,
迷彩,
陰極射線管,
第二次世界大戰,
綠色翅膀,
耳穿環,
紅色短褲,
握着自己的腳,
爆出乳房,
胸帶,
礙事乳房,
不對稱眼睛,
懷錶,
白領子,
一次性杯子,
食物包裝紙,
美國,
臉頰相貼,
頭靠頭,
紅色包包,
彩色,
無線稿,
鱷魚類,
印花洋裝,
樣本浮水印,
著衣自慰,
手伸進自己的內褲,
肛門尾巴,
臀塞,
假尾巴,
額頭寶石,
持斧頭,
蜂巢圖案,
蜂巢背景,
紅色尾巴,
在樹上,
坐在樹上,
棍棒,
教堂,
筆記本,
黃玫瑰,
木柵欄,
穿衣機器人,
腳踝吊帶,
手指撫頰,
醫院,
病床,
帶骨肉,
無襪,
蝴蝶翅膀,
昆蟲翅膀,
水溜溜,
:t,
柿子,
腹部隆起,
轉身,
表情表,
紅襪,
瘀青,
彈藥,
風鈴,
玫瑰花瓣,
白色新娘長手套,
狼耳,
棕色阿斯科特領,
毛邊外套,
振袖,
鑲釘_腰帶,
巫師帽,
跨坐_乳交,
棕色_緞帶,
胸部上_巧克力,
刀刃,
內翻_bob頭,
羅紋_襯衫,
羅紋_毛衣,
淺色_乳暈,
護目鏡,
甩髮,
查克拉姆,
機器人_關節,
浣熊_女孩,
浣熊_尾巴,
狸,
貓_帽,
貓_圖案,
藍色_背心,
黑色_頭帶,
雲朵_圖案,
緞帶_領,
公車站,
拿著_罐子,
官方_替代_髮型,
巨大_蝴蝶結,
獅子_男孩,
公車_內部,
購物車,
調整_體操褲,
帯揚,
速食,
火焰_翅膀,
挑染_頭髮,
粉紅_指甲,
乳液,
防曬霜,
蝴蝶_耳環,
巧克力_棒,
融化,
嘴含_棒冰,
a_(片語),
漫畫_封面,
莫里甘_艾恩斯蘭德_(cosplay),
校徽,
白色_夾克,
髒,
叢林,
1other,
抓窗簾,
海岸,
湖泊,
棕色領帶,
槍套,
護膝,
大腿槍套,
替代乳房大小,
深色皮膚,
水藍色鞋子,
鎖骨被遮蓋,
橙色緊身衣,
紫色連體衣,
前繫比基尼上衣,
山丘,
多彩條紋,
O環比基尼,
O環上衣,
木桌,
隔衣自慰,
護肘,
多重跨作品,
咬耳朵,
衣內勃起,
扭轉軀幹,
臀下,
狼,
藍色外套,
警察帽,
繩扣,
網球,
網球制服,
雙語,
錐形角,
小角,
條紋角,
虎紋,
黃色角,
灰色褲襪,
美國國旗比基尼,
美國國旗圖案,
血絲眼睛,
廚師帽,
嚼口香糖,
旗幟圖案,
印花比基尼,
吹泡泡,
牛仔靴,
汗帶,
棒球制服,
綠色短褲,
藍色袴,
明治女學生制服,
交叉肩帶,
水藍蝴蝶結,
水藍領帶,
紫色寶石,
發光眼睛,
吞精,
吞嚥,
王座,
消音器,
被抓住,
多個髮夾,
貝殼項鍊,
聳肩,
鬢角鬍渣,
鬍渣,
毛邊靴,
毛邊手套,
毛邊襯衫,
綠色嘴唇,
藍色連身衣,
牽牛花圖案,
波點襯衫,
拿著紙張,
小舌頭,
調整內褲,
腿夾大腿間,
如廁,
坐立不安,
拿花盆,
平塗,
多重單色,
美甲,
綠色包包,
折射,
撕裂翅膀,
眼鏡掛頸,
麻將,
衣服外繃帶,
幫人穿衣,
翻領,
鬆散領帶,
刻口翻領,
敞開領口,
藍色毛衣,
貓男孩,
黃色毛衣,
兄弟,
包紮的手,
遮住一隻眼睛,
臉上有OK繃,
深V領,
新世紀福音戰士_(機甲),
好結局,
不對稱腿部服裝,
時尚,
不匹配腿部服裝,
垂直條紋過膝襪,
父子,
螺旋槳,
魚缸,
三角褲,
棕色袋子,
棕色外套,
水桶帽,
綠色褲子,
長圍巾,
頂髻,
運動夾克,
內搭衫,
白色頭帶,
臥室,
三格漫畫,
深色陰莖,
棕色內褲,
胸部放在桌上,
透過衣服泌乳,
荷葉邊頸圈,
:c,
灰色指甲油,
只穿比基尼上衣,
膝蓋分開腳併攏,
萊姆_(水果),
熱帶飲料,
黃色連身泳裝,
女性視角,
幫別人梳頭髮,
梳頭髮,
咬痕,
女孩三明治,
三明治狀,
潛水服,
濕式潛水服,
紫色腿部服裝,
紫色傘,
碼頭,
深色陰唇,
長陰唇,
豎拇指向下,
黃色水手領,
裸露胸肌,
中指,
胸肌,
健美男性,
皮褲,
大太刀,
蓋博爾格_(fate),
早晨,
荷葉,
胸部裹胸,
粉色領巾,
倚靠物體,
x,
手臂帶,
腿帶,
狼牙棒,
紫色髮帶,
手從衣服下伸入,
辣椒,
交叉創可貼,
逃跑,
反戴帽子,
直排輪滑鞋,
皮夾克,
滾輪溜冰鞋,
輪滑鞋,
打掛,
綿帽子,
從眼鏡上方看,
舞台燈光,
紙袋,
馬鈴薯,
牛犢式,
綠色頭飾,
p90,
士兵,
下巴帶,
溢出,
點狀嘴巴,
袖口蝴蝶結,
繪馬,
花卉印花和服,
綠色緊身衣,
配色指南,
不透明眼鏡,
頭靠枕頭,
冰翼,
章魚,
鐵球腳鏈束縛,
棕色角,
荷葉邊傘,
公主抱,
領帶置於乳間,
耳朵從頭飾穿出,
狐,
九尾,
火焰劍,
火焰武器,
藍色瞳孔,
腿部束縛,
精液便器,
面向正面,
M字腿,
公用,
廁所,
不良,
鼻環,
龐巴杜髮型,
臉色發白,
錯字,
持麻袋,
紅色短斗篷,
聖誕裝,
白色腰帶,
拳擊手套,
手持攝影機,
攝影機,
綠寶石,
寡婦峰,
情人節快樂,
能量,
異種交,
閃電,
護欄,
黑色袋子,
鬆垮領結,
坐在長椅上,
鼻子,
持箭,
臉部疤痕,
鳳凰,
粉色蝴蝶,
連體衣,
零重力,
迷彩衫,
招財貓,
彩色花朵,
棕色蝴蝶結,
筆記本,
舔乳頭,
大姊蘿莉,
性轉換_(女轉男),
腿鎖,
持棍棒,
雷射瞄準器,
刺殺,
短上衣凸出,
美洲原住民,
編織基底髻,
裸體主義者,
游泳,
晾衣繩,
天使與惡魔,
黑對白,
遮嘴,
紅和服,
手臂放桌上,
粉筆,
花田,
簪,
捏花簪,
灰色水手服,
橙色尾巴,
裸體毛衣,
粉框眼鏡,
腳踝鐐銬,
商店,
藍色褲襪,
畢業證書,
春天_(季節),
新娘頭紗,
面紗,
編辮子,
投擲,
白色頭飾,
絨毛貓,
倒數計時,
變身,
角色印花,
散髮,
漂浮,
泳道線,
皮卡車,
卡車,
未用輪胎,
自行車籃,
黃昏,
體育館儲藏室,
手電筒,
音樂五線譜,
猴耳,
猴尾,
無袖連帽衫,
柳橙片,
誘惑微笑,
特攝,
科托喲羅,
橙色和服,
手臂舉過頭,
烏鴉,
後焦點,
臉上飯粒,
背縫腿襪,
蝴蝶結腿襪,
手套蝴蝶結,
荷葉邊連身泳裝,
敞開和服,
口交後,
手上精液,
蕾絲邊頸圈,
撬棍,
持撬棍,
短褲下褲襪,
拉肩帶,
公園,
大腿帶振動器,
購物,
魚骨,
身份證,
標題,
不對稱腿襪,
手杖,
長鬍鬚,
男性泳裝,
露腹腹捲,
缺牙,
紅色髮圈,
緊身泳褲,
泳短褲,
棕色短披風,
白色男性內褲,
鑽頭側髮,
魔晶石,
白色背心,
替身_(jojo),
時間停止,
阿梅斯特利斯軍服,
弄亂頭髮,
褲子圍在一條腿上,
綠色圍巾,
拿著手機,
看著手機,
格子圍巾,
講電話中,
雙色手套,
白色包包,
拿著玩具,
棕色連帽衫,
三花貓,
帆布_(物件),
兒童畫,
蠟筆,
畫架,
隱形人,
長袍,
線香,
綠色天空,
破處,
濃密鬍鬚,
蓬鬆分離袖,
蛇髮,
意外走光,
心形內褲,
心形圖案,
過小衣服,
方形領口,
籃球_(物件),
籃球制服,
咖啡壺,
胸部包紮,
逆陷阱,
遮住臀部,
黑暗氣場,
陰鬱_(表情),
陰莖象徵,
墓園,
蕾絲邊大腿襪,
中世紀風,
罩袍,
雜貨袋,
洗衣物,
水壺,
拿著泳圈,
胸墊,
砸西瓜遊戲,
蘿莉支配,
巴紋_(符號),
衛生紙,
畫作_(物件),
桶木屐,
線香花火,
煙火棒,
巾著袋,
賽博格,
乳頭穿環,
乳頭環,
藍蝴蝶,
拿著毛巾,
飛來的食物,
USB,
僅頭部,
損壞,
單角,
部落,
親吻陰莖,
房間,
背乳休息,
乳頭打碼,
假遮掩,
格子,
麻將牌,
棕色襯衫,
抓平胸,
漸變,
帽子蓋一隻眼,
黃色頭飾,
紅色腰帶,
沙堡,
沙雕像,
尾巴蝴蝶結,
方端領帶,
巨人,
女巨人,
水藍手套,
水藍連體衣,
水藍大腿襪,
黃色手套,
黃色連體衣,
調整鞋履,
寵物,
車輪,
菊花,
酒盅_(杯),
肘部抱持,
雙角帽,
低位翅膀,
方糖,
實心圓眼,
藍色腰帶,
怒視,
背部鏤空,
立方體髮飾,
多色比基尼,
黃色夾克,
心形刺青,
Y2K時尚,
身份隱藏,
廚房刀,
粉色運動胸罩,
嘴上痣,
X光,
葡萄酒,
破壞,
鎖甲,
金色盔甲,
大型插入,
黑色吊帶襪帶,
雪兔,
山茶花,
鈴蘭,
棕色毛皮,
洞穴,
馬男孩,
鬃毛,
噘嘴,
噴飯,
吐口水,
腿部刺青,
海盜帽,
西方漫畫風格,
橫跨眼睛的疤痕,
肩扛,
沙漠之鷹,
拿著冰淇淋蛋筒,
軟冰淇淋,
棕色水手領,
手放在桌上,
雙色頭飾,
棕色領結,
鈕扣袖口,
多色裙子,
格紋領結,
紅色吊帶背心,
雨衣,
橡膠靴,
黃色雨衣,
牛仔,
握拳,
心形背景,
紫色毛衣,
動物陰莖,
橫截面,
狗陰莖,
打結陰莖,
拿著控制器,
拿著遊戲控制器,
羽織,
陰部創可貼,
鉢卷,
水色法被,
捻鉢卷,
瓦爾特,
葉叢,
雕像,
雛菊,
肚臍鏤空,
三尾,
棕色翅膀,
束身衣,
衣服圍腰,
外套圍腰,
襯衫圍腰,
擠壓,
捐款箱,
玉米,
臉頰創可貼,
透過介質,
透過螢幕,
草甸,
在另一人後方,
雙色襯衫,
聽診器,
漸層天空,
層疊服裝,
白色天空,
摔角,
頭部裁切,
欺凌,
粉色邊框,
毛筆,
拿著毛筆,
短冊,
白色和服,
抓頸飾,
運動中,
沉重,
舉起人物,
機甲露出,
灰框_眼鏡,
符卡,
水藍_領結,
吹氣,
尾巴_夾腿間,
紅_翅膀,
黃_翅膀,
懸崖,
東方_龍,
血條,
靈體,
寶珠,
蝴蝶結_髮帶,
卡通_(風格),
摩擦,
竹筍,
龍_圖案,
流蘇_耳環,
大腿_緞帶,
黑_袍,
路標,
腳尖_點地,
巨大_陰莖,
交叉_綁帶_腿衣,
單獨_後頸_髮,
傳統_服裝,
粉_開衫,
未穿_鞋子,
拐杖,
緊繃_泳裝,
彈匣_(武器),
垂直_前握把,
物品_焦點,
厚_嘴唇,
印花_莎籠,
學習,
校帽,
陰莖_內褲,
磁鐵,
西瓜_條,
動物_包,
兔子_裝,
尾巴_遮擋,
向日葵_田,
飛馬,
棕_和服,
木_牆,
遮陽帽,
灰_天空,
遊戲_男孩,
遊戲小子_(原版),
咬_自己的_嘴唇,
頭髮_在_自己的_嘴裡,
射精後,
乳膠_腿衣,
爪_姿勢,
袋子_罩頭,
黑色_鬆緊髮圈,
連桿_十六分音符,
喜悅之淚,
橙色_手套,
直升機,
兔子_帽子,
半閉_眼睛,
缺失_眼睛,
紅色_一件式泳衣,
雙色_泳衣,
潛水_面罩,
衣服_在地上,
性別不明,
開襠,
墨水,
蕾絲邊_裙子,
蕾絲邊_袖子,
橡膠_鴨子,
水藍_裙子,
棒球_頭盔,
持有_棒球棒,
白色_阿斯科特領,
戰鬥機,
模型_套件,
音樂會,
解開,
水藍_領巾,
顏料,
駐防帽,
納粹,
戰爭,
鼻子_疤痕,
手_置_自己的_下巴,
紅色_頭帶,
持有_冰棒,
咖啡廳,
櫃檯,
衣服上_御札,
墨水壺,
黑色_阿斯科特領,
3:,
臉部彩繪,
捲心菜,
花刺青,
酷刑,
恐怖_(主題),
衣服,
綁帶高跟鞋,
撐起襯衫,
撕衣服,
拿試管,
網球,
試管,
手放自己腿上,
袖子緞帶,
透視連身泳裝,
從外面,
向外看,
嘴含百奇,
;q,
肥皂,
鞭劍,
紫色圍裙,
六角形,
未穿夾克,
多色和服,
有圖案,
信件,
收音機,
教學,
急救箱,
紫色連身泳裝,
拉短褲,
未繫緊,
櫻桃圖案,
半水下攝影,
粉紅色描邊,
兔子髮飾,
頭頂食物,
黃色圍裙,
斷鏈,
花蕾,
心形項鍊,
綠玫瑰,
圖案服裝,
釘子_(五金),
釘棒,
螃蟹,
棕色連指手套,
紫色襪子,
葫蘆,
內嵌邊框,
橙色領巾,
橙色_水手領,
鬍渣,
稀疏_鬍渣,
神社,
垂直條紋_連衣裙,
紙幣,
十字鎬,
藍色_腰帶,
衣服下_緊身衣,
毛邊_鞋履,
團塊,
薯片,
零食,
靠_欄杆,
可麗餅,
現實世界_地點,
布料,
圓角,
漂浮_衣服,
粉色_包包,
短袖_外_長袖,
未塞_襯衫,
拉鍊_拉頭,
黃色_小披肩,
河童,
桌子下,
鯊魚,
陰蒂_穿環,
拉_乳頭,
陰戶_穿環,
紙張,
無袖_和服,
告白,
折疊_雙腿,
肛內_射精,
城堡,
條紋_領帶,
輕_皺眉,
鼓脹_臉頰,
金色,
燒烤,
玩耍,
壓_臉頰,
睡眠_猥褻,
藍色_領子,
蕾絲_邊_領子,
手_肩上,
盪鞦韆,
觸覺_鋪面,
胸罩_肩帶,
甜美_蘿莉塔,
扶她受,
芭蕾舞者,
芭蕾,
芭蕾舞鞋,
乳膠手套,
肚兜,
行李袋,
灰色_連體泳衣,
頭部碰撞,
舔乳房,
四分音符,
錫杖,
馬拉卡斯,
尾巴穿過衣服,
dvd封面,
文字背景,
無臉女性,
拿著緞帶,
射精在男性上,
野餐,
麻雀,
異種族,
試衣間,
家庭主婦,
藍色沙龍,
臀部開口,
板甲,
紅色斗篷,
狼狽,
連帽衫,
拿著拖把,
耳罩,
強制高潮,
體操褲下內褲,
白色羽毛,
宣布慶祝,
棕色頭飾,
墮落,
黑暗人格,
約定勝利之劍_摩根_(fate),
棕色領巾,
場景參考,
瞇眼,
背負武器,
樂天水,
貓過多,
澡堂,
吹風機,
黃色輪廓,
向日葵_髮飾,
眼睛_焦點,
後宮服裝,
陰部_刺青,
側邊_挖空,
粉紅_雨傘,
透明_雨傘,
速克達,
條碼,
灰色_毛皮,
條紋_毛皮,
被埋,
噴泉,
手放在_他人腿上,
牛奶_瓶子,
空中,
戰士,
撕裂_洋裝,
挑逗,
手放在_眼鏡上,
可愛_＆_少女風_(偶像大師),
粉紅_小披肩,
舞台,
海灘_毛巾,
白色_頸圈,
手肘撐_桌子,
奇異果_(水果),
鮮奶油,
博麗靈夢_(cosplay),
電,
蝴蝶結狀_髮型,
棕色_尾巴,
O環_底褲,
麻葉_(圖案),
心形_打碼,
網點,
無袖_緊身衣,
新郎,
婚禮,
樂器_箱,
賽博朋克,
桌子_磨蹭,
運動褲,
漸變_眼睛,
餘暉,
調整_領帶,
外國人_4格漫畫_(迷因),
鎖,
掛鎖,
粉紅_寶石,
頭髮上有血,
白旗,
冒煙槍管,
手指槍,
連體衣撥開,
子宮頸,
裂縫,
工業管道,
圓徽,
黑色角,
黑色背心,
抱著別人的腿,
扇臉,
汗濕衣服,
非常出汗,
絞拧衣服,
說話的角色,
食物特寫,
龍娘,
龍尾,
龍翼,
粉色尾巴,
腳踝蝴蝶結,
腳踝緞帶,
推進器,
手上的動物,
蝴蝶髮飾,
石膏,
朗基努斯之槍_(新世紀福音戰士),
白板,
手指間的刀,
噴射機,
信封,
聖誕靴,
飛撲擁抱,
肩部槍套,
迷你八卦爐,
頭陀帽,
棕色水手服,
咬自己的手指,
腿衣上的精液,
數碼獸_(生物),
無痣,
水藍襯衫,
黃色雨傘,
微型連衣裙,
蝴蝶結比基尼,
黑色鞏膜,
泡泡裙,
彩色鞏膜,
棉花糖,
拿著棉花糖,
夏季祭典,
相框,
泵動式,
拿著冰淇淋,
瘋狂,
藍色泳圈,
獸人,
游標,
視窗_(電腦),
燒瓶,
藥水,
圓底燒瓶,
公牛,
獸人與非獸人,
糖果手杖,
蜂蜜,
變形,
手放在腿上,
高叉泳裝,
在水中,
交叉領帶,
灰色手套,
血袋,
飛空艇,
陸行鳥,
蒸氣龐克,
維埃拉,
果汁,
黑色領巾,
比基尼上衣掀起,
肩部鏤空,
刀上有血,
血漬,
腳印,
雪球,
身體冒蒸汽,
拉開拉鍊,
墓碑,
烏龜,
2006,
動物連帽帽,
貓連帽帽,
未穿涼鞋,
手在他人頭髮中,
派對爆竹,
牙籤,
假笑,
揉眼睛,
星之杖,
心在口中,
老虎裝,
捲尺,
珠串手鐲,
隱藏臉部,
雙色髮帶,
腳部特寫,
黑色毛衣背心,
歐洲建築,
條紋緞帶,
雙色緞帶,
西洋龍,
額頭相抵,
裸圍巾,
手臂束帶,
盤髮,
擴張膠帶,
彎腰駝背,
對話框,
武器特寫,
黑色鎧甲,
爪狀護手,
吊帶連身裙,
格子領帶,
噴射精液,
被陰莖包圍,
黑色披風,
手遮臉,
三巴形狀,
武士,
抓裆,
耳罩,
模擬口交,
排水管_(物件),
單肘手套,
巨乳,
橙色圍裙,
未穿比基尼上衣,
遮蓋單乳,
有線電話,
大腿環,
鑽頭馬尾,
貓咪包,
蹲式女上位,
黃色腿襪,
精靈球,
精靈球_(基本),
牙膏,
羽拍,
羽根突き,
球拍,
抱嬰兒,
斬首,
斷頭,
自殺,
商品,
逼近親吻,
冰棒棍,
毛邊斗篷,
大翅膀,
珍珠_(寶石),
女女女三人行,
頭上鳥,
蘸水筆_(物件),
船,
手放在自己耳朵上,
能量武器,
胸間帶子,
黃色頭帶,
挎包,
拿著胸罩,
猫又,
雙尾,
吸塵器,
星座,
紫色瞳孔,
壺_(瓶子),
透視面紗,
沃森十字,
平頂帽,
超級蘑菇,
鼻腔射精,
便利商店,
紅袖子,
融合,
桌布,
黃袖子,
灌喉,
鞭痕,
引導乳抓,
引導手,
綠腰帶,
拿澆水壺,
飾繩,
灰蝴蝶結,
心形枕頭,
抱娃娃,
印花蝴蝶結,
雙色蝴蝶結,
豎條紋裙,
腰帶胸罩,
陰蒂包皮,
吉普森萊斯保羅,
主題物品,
錘與鐮,
蘇聯,
看著動物,
膝蓋,
信箱_(來信),
人體模特兒,
鹿角,
毛邊頭飾,
帶刺手環,
鵝卵石,
鎧甲靴,
側開衩短褲,
多色連體衣,
鷹,
日本鎧甲,
籠手,
黑籠手,
半纏_(衣服),
白尾,
橙色髮帶,
不對稱側劉海,
大劍,
紫色圍巾,
黃色帽子,
愛心手勢雙人,
花園,
透視剪影,
短領帶,
持鉛筆,
比基尼鎧甲,
藍色鎧甲,
乳房胸甲,
低編長髮,
瓦爾基里,
帶翼頭盔,
橙色洋裝,
橙色袖子,
浣熊,
裸短披風,
觸碰,
右至左漫畫,
聖杯,
藍色短披風,
藍色頸圈,
蝴蝶結頸圈,
心形呆毛,
惡魔角,
撫摸下巴,
偵探,
放大鏡,
哨子,
心形項圈,
藍色吊帶背心,
拿著平底鍋,
僅限肛交,
手肘撐膝蓋,
地上有血,
屍體,
水手,
松鼠,
肩胛骨,
蹄子,
只穿鞋子,
泳裝裙子,
線,
十字耳環,
壞腿,
黑色吊帶泳裝,
系列內跨界,
綠色連體衣,
用牙齒夾住,
灰色背心,
3d背景,
多色連體衣,
短瀏海,
紅色瞳孔,
雞,
公雞,
棕色項圈,
吞食,
不尋常刺激,
灰色連體衣,
高領連體衣,
雙色連體衣,
過膝襪,
黑色腰帶,
衝浪板,
衝浪,
黃色開衫,
戴兜帽,
艾爾凡,
黑色緊身胸衣,
無乳頭服裝,
軍用夾克,
露背洋裝,
格洛克,
鉤子,
古董火器,
電源插頭,
機械尾巴,
羅紋襪子,
張開雙手,
顏色描邊,
派對,
醫務室,
紫色領巾,
紫色領子,
沙漠,
愛麗亞公司制服,
夜視裝置,
食品包裝,
牛奶紙盒,
野豬,
鹿,
護胫,
多色蝴蝶結,
槍帶,
鐵十字,
紅色鑲邊,
瓦礫,
肩章,
車輛名稱,
俄羅斯,
砲塔,
吊帶比基尼上衣,
舵形鞋履,
煙囪,
機械腿,
機械翅膀,
條紋手套,
老虎尾巴,
獨角獸,
持木槌,
旭日旗,
二腳架,
MG42,
三角帽,
日本自衛隊,
魚雷,
灰色比基尼,
飛來禮物,
腸子,
緊貼,
揮舞手臂,
單肩裸露,
眨眼_(動畫),
遮陽篷,
漸隱,
潛水面罩_在頭上,
呼吸管,
壓碎,
不同_陰影,
薙刀_(長柄武器),
鬆開_頸帶,
魚_髮飾,
木製_長椅,
模糊_前景,
垃圾桶,
用過_面紙,
嬰兒裝,
拿著_打蛋器,
哥布林,
トロ臉,
灰色_帽子,
葡萄,
吐息_武器,
噴火,
恐龍,
肩膀_臉紅,
黃色_腰帶,
鞠躬,
拿著_煙火,
手放在_他人_臀部上,
黑色_指甲,
護目鏡_在頭飾上,
和平_符號,
單隻_無指手套,
藍色_翅膀,
多個_耳環,
乳膠_連體衣,
粉色_頭帶,
粉色_連體衣,
星星_頸圈,
灰色_胸罩,
黎明,
帽子_在腦後,
頭髮_向後拉,
外裙,
交叉_背心,
肥厚_陰阜,
薯片_袋,
三葉草_髮飾,
四葉草_髮飾,
大鍋,
吻手,
鐵球鎖鏈_(武器),
攀爬,
權杖,
第三眼,
印花泳裝,
斑馬紋,
警棍_(武器),
只穿比基尼底褲,
運動短褲,
跑道,
彩帶,
糖蘋果,
時間悖論,
男孩在上,
水藍比基尼,
朝日啤酒,
啤酒罐,
粉色領子,
;3,
半截手套,
鸚鵡,
奧黛,
斗笠,
注連繩,
賽車女王,
光碟,
飛吻,
troll臉,
抱枕頭,
全身刺青,
肩膀上動物,
肩膀上鳥類,
抱玩偶,
橫幅,
打噴嚏,
拿保險套,
抱枕_(中等),
格紋背心,
白色傘,
抓住自己的尾巴,
綠色頸圈,
交纏尾巴,
辦公室,
粉色背心,
檸檬片,
汽水,
手帕,
耐克_(公司),
拿性玩具,
拔劍,
手_在_耳機上,
漢服,
畢業,
機械手臂,
義肢,
單機械臂,
黑色_管上衣,
拿著_扳手,
弄臣帽,
擊打,
拿著_打火機,
花_耳環,
夾板,
拿著_夾板,
紫色_外套,
拿著_鐮刀,
斜條紋_衣服,
厭惡,
粉色_褲襪,
紫色_背心,
說話_食物,
水藍_寶石,
下半身,
棒球_手套,
珍珠_手鐲,
粗口,
柴犬,
交通_指揮棒,
連帽_斗篷,
水藍_胸罩,
低_領口,
陰莖_上_唾液,
手臂_創可貼,
尾巴_拿着,
可抓握_尾巴,
棕色_短褲,
手_到_頭部,
胸罩_露出,
心形_腰帶,
粉色_腰帶,
掛軸,
鳥_尾巴,
雞年,
火箭_發射器,
心形_鏤空,
無趾_鞋履,
額頭_護具,
木葉隱村_符號,
食物_藝術,
顏色_連接,
粉紅皮膚,
賽亞人鎧甲,
圖解,
綠色背心,
細劍,
持菸斗,
劍扛肩上,
手搭他人大腿,
眼線,
紅色眼線,
白色犄角,
招手,
飛龍,
裸體繃帶,
吸盤,
松樹,
天狗木屐,
領針,
野餐籃,
持寶石,
文字牆,
手指觸臉,
手指上的精液,
白色水手服,
坐在王座上,
灰色尾巴,
畫師標誌,
纏頸上衣,
棕色比基尼,
小麥,
蓮花,
持百奇,
原型設計,
人工陰道,
內褲掀起,
單顆淚珠,
藍玫瑰,
持樹枝,
小徑,
紫藤花,
綠色睡衣,
白色睡衣,
俯臥後入,
槍抵頭部,
持彩球,
堅定,
抓肚子,
體重意識,
雙筒望遠鏡,
持雙筒望遠鏡,
乳頭夾,
即興口塞,
膠帶口塞,
鰻魚,
魚網絲襪,
雙手背後,
灰色披風,
頸部荷葉邊,
火車頭,
雜草叢生,
梨,
黑色頸飾,
擦拭,
交尾壓,
撕裂泳裝,
勃起陰蒂,
圓頂,
浮空島,
腿上血跡,
撕裂,
履帶,
徽章,
軍禮服,
坦克上,
縫線,
手放在他人腹部,
糖漿,
咖啡馬克杯,
臀對臀,
雙頭假陽具,
共享物體插入,
乳牛裝,
黃色光環,
史萊姆女孩,
破窗,
黃色圍巾,
手上食物,
彩色陰影,
禮物盒,
1980年代（風格）,
刺繡,
帶耳朵帽子,
爪足浴缸,
持鏟子,
膠片條,
強姦臉,
香檳酒瓶,
分屏,
是,
尿道插入,
背心上提,
中文文字,
豎條紋襯衫,
水滴,
撕裂自行車短褲,
撕裂短褲,
洋裝下短褲,
口罩置於頭上,
未佩戴髮帶,
眼鏡置於頭飾上,
紫框眼鏡,
番茄醬瓶,
白色頭巾,
山羊,
水平瞳孔,
藍色袖子,
紫色領結,
<|>_<|>,
雙手放在自己乳房上,
營火,
濕裙,
衣服內精液,
鳥耳,
鳥女孩,
鳥翼,
瀏海向後固定,
頭髮上提,
滿載內部,
水藍緞帶,
粉紅吊帶背心,
頸部包紮,
黃色天空,
書法,
裁剪肩部,
衣夾,
咬食物,
心形盒子,
睡蓮花,
新藝術風格,
手放在自己臀部上,
紫色夾克,
手插頭髮中,
學士帽,
雙色翅膀,
黑色斗篷,
地牢,
黑色緊身胸衣,
橙色腰帶,
耳機摘下,
緊身褲,
側繫緊身衣,
頭部包紮,
持十字架,
粉紅圍巾,
波羅領帶,
橡實,
地面車輛,
胸部有血,
彩色乳頭,
展開翅膀,
腹部挖空,
星座圖案,
團扇,
護符,
罐裝咖啡,
露出犬牙,
安全帽,
薯條,
紫色包包,
灰色包包,
啤酒杯,
燒焦,
無側衣裝,
殭屍,
藍色頭帶,
立領,
一盒巧克力,
家人,
摩托車頭盔,
體育場,
丁字褲,
透視內褲,
弓_(音樂),
持弓_(音樂),
絕對所有人,
白色長袍,
懺悔之杖,
持棍棒,
和風蘿莉塔,
皮靴,
剁刀,
黃瓜,
鞦韆,
動物耳頭飾,
紅色盔甲,
漂浮耳環,
金項鍊,
美工刀,
懸浮,
細條紋圖案,
花覆眼,
拿著手杖,
污漬,
染污床單,
溜溜球,
Twitter 使用者名稱,
灰色皮膚,
貝殼比基尼,
短褲上捲,
動物項圈,
白色蝴蝶,
無身體頭部,
石階,
透視莎籠,
手搭大腿,
馬陰莖,
抓住腳踝,
三穴插入,
冷藏箱,
橙色褲子,
報紙,
拱門,
鬼角,
陰部特寫,
撫摸,
手,
動物頭盔,
鐐銬,
強顏歡笑,
說話,
戰士水手服,
多色翅膀,
彩虹排列,
櫻花圖案,
青海波,
拿著水管,
格子連衣裙,
塔特餅,
黑色臂章,
白色狗,
拿著照片,
風力發電機,
裂縫地板,
強壯,
沙漏,
腿舉過頭,
裸外套,
北高校制服,
空白對話框,
標題惡搞,
拿著素描本,
素描本,
阿迪達斯,
甲蟲,
尾巴包裹,
藍色嘴唇,
奶嘴,
藍色西裝,
未戴頭盔,
瓦里亞套裝,
拿著泳裝,
女式服務帽,
屈膝禮,
無鞏膜,
在滑板車上,
飛行員帽,
負重背心,
手臂舉過頭頂,
寬馬尾,
乳房痣,
拿著生物,
益荒魚,
黃色背心,
手指放在自己下巴上,
胡蘿蔔項鍊,
鯊魚絨毛玩具,
巧克力蛋糕,
冰淇淋汽水,
冰塊,
鬆餅,
糕點,
派,
隔桌視角,
滿嘴,
蜂女孩,
毛邊連體衣,
紫色翅膀,
清代官帽,
灰色髮帶,
格子短褲,
拳擊內褲,
精液滲透衣服,
膨脹,
腋毛,
哈倫褲,
三角旗,
四肢截肢者,
幽靈尾巴,
緣分紅線,
充氣玩具,
荷葉邊腕套,
大量頭髮,
陰部汁液痕迹,
寶箱胸部,
客串,
數字刺青,
無肩帶連身泳裝,
煎蛋捲,
蛋包飯,
繞射光刺,
持衝浪板,
踝帶,
髮珠,
日曆_(物件),
直尺,
腿裹布,
西瓜切片,
烤箱,
軍隊,
襖門,
臉朝下,
橙色肌膚,
乳房刺青,
機械,
陽台,
持報紙,
垂直條紋比基尼,
精疲力盡,
緞帶邊腿衣,
書籤,
領帶夾,
充氣筏,
腹部痣,
撕裂手套,
灰色圍巾,
皮膚牙齒,
遮住別人嘴巴,
灰塵,
勾玉,
足球制服,
碼頭,
燈塔,
鳥籠,
籠子,
漸變服裝,
漸變洋裝,
菱形瞳孔,
飛出鈕扣,
崩開鈕扣,
賽跑胸牌,
田徑,
包莖,
魚網上衣,
吊墜項圈,
少女鬼鬥中,
羊角,
握住他人的頭髮,
企鵝服裝,
羽毛髮飾,
來襲攻擊,
來襲拳擊,
白眼,
拉臉頰,
掀起和服,
栓動式,
毛瑟98,
持剪刀,
街機,
莫辛納甘,
肌肉女性,
爪墊,
染色瀏海,
死神,
條紋短褲,
豎條紋短褲,
電聯車,
珍珠頸鏈,
李小龍連身衣,
黃色緊身衣,
道服,
…？,
背帶裙,
人行道,
綻放,
嗷,
凍結,
OK手勢,
十六分音符,
多腿,
扶她與男,
交替腿裝,
男上扶她,
節肢動物男孩,
甲殼,
怪物男孩,
雌小鬼,
火花,
綠色輪廓,
無袖外套,
箭貫身體,
物體_穿過_頭部,
圓木,
新月_耳環,
左右不同_耳環,
橙色_外套,
顴骨,
牛,
調情,
由左至右_漫畫,
教師_與_學生,
M4_卡賓槍,
反射_地板,
白色_背心,
獸人_女性,
瞄準鏡,
停止_標誌,
美元_符號,
蛋黃,
價格_標籤,
街機_櫃,
錦鯉,
受孕,
內射,
子宮,
不對稱_手套,
蝴蝶_圖案,
內褲_吊帶,
不均勻_手套,
條紋_和服,
手撐_地板,
厚底靴,
韓服,
韓國_服裝,
珠子_項鍊,
鴿子,
乳房_焦點,
手插_口袋,
腳_朝上,
吧檯_凳,
自己_梳理_頭髮,
變身,
取景器,
手指_框,
閃亮_眼睛,
髮髻,
蕾絲_鑲邊_頭飾,
橙色_頸圈,
水手_戰士,
綠色_臂章,
緊張_冒汗,
棕色披風,
迷你禮帽,
馴鹿裝,
雪橇,
深色乳頭,
螢幕光,
手機掛飾,
聽音樂,
水藍色短褲,
風車,
非常黝黑皮膚,
啞鈴穿環,
乳頭棒,
PlayStation Portable,
開口腰帶,
蒙哥馬利腺,
內褲線,
荒木飛呂彥_(風格),
毛皮頸圈,
女裝攻,
是非抱枕,
破壞劍,
帽子蓋眼,
等角視圖,
標誌模仿,
拿麻將牌,
桌球桿,
火焰操控,
緞帶邊連衣裙,
碎玻璃,
龍王校服,
魚網手套,
借來衣服,
沒穿短褲,
陰莖測量,
鐮刀,
手撐下巴,
捧手,
敞篷車,
手撐地板,
指自己,
單根髮環,
拿青蔥,
阿伊努服裝,
白虎,
排球網,
裸露和服,
抓枕頭,
抱尾巴,
假小子,
緊身連衣裙,
腹部精液,
面試,
蕾絲邊髮帶,
黑色兜帽,
玩弄自己的頭髮,
魚_(食物),
壽司,
隱秘性交,
燒杯,
說話臉紅,
緊身衣,
貓尾巴,
心形尾巴,
身體交換,
個性交換,
手放在大腿上,
蕾絲背景,
熊尾巴,
腿部精液,
格子褲,
髮圈含嘴中,
花_(符號),
白色人字泳裝,
後設,
海灘椅,
汽水瓶,
拿著鞋子,
爪印圖案,
霓虹邊飾,
羅紋緊身衣,
分離翅膀,
掛鎖項圈,
手撐地面,
橙色玫瑰,
親吻額頭,
風鈴草,
條紋圍巾,
綠調眼鏡,
拿著頭盔,
睫毛膏,
黑色連帽衫,
蛋_(食物),
煎蛋,
金色陰毛,
交叉腳踝,
伸出手,
超現實,
拿著精靈球,
寶可夢_(生物),
持觸控筆,
觸控筆,
使魔,
狼尾,
袴褲,
袴短裙,
被捕捉,
乳溝口枷,
布口枷,
有角頭飾,
足部崇拜,
舔腳,
搔癢,
搔腳癢,
五芒星,
嘴含草莖,
洞,
自慰後,
單膝襪,
引導插入,
藍色頸飾,
頭盔,
乳枕,
毛衣掀起,
錯腳,
霧雨魔理沙_(角色扮演),
燈泡,
重新裝填,
部分拉鍊解開,
粉紅背心,
楔形高跟鞋,
多處穿孔,
樂團,
吊床,
持書信,
情書,
官方畫風,
沮喪,
馴鹿,
泡泡背景,
電插座,
面向側邊,
水手衫,
胸部自覺,
豆豆帽,
襯衫含嘴中,
虐待,
內褲外穿吊襪帶,
荷葉邊小披風,
茫然凝視,
廣告牌,
長柄武器背後,
彩虹漸層,
嗑藥,
藥物,
毛線,
多綁頭髮,
綠邊框,
帽尖,
紫袖,
舔耳朵,
石頭,
保護,
綠短披風,
綠髮帶,
能量翅膀,
蛋殼,
腳踝帶,
山羊鬍渣,
自交,
豹耳,
豹娘,
豹尾,
手指對他人嘴,
黑圍巾,
紙箱,
樹籬,
輸電塔,
餘燼,
透明身體,
盒裝插圖,
掌心,
滴血,
綠護目鏡,
動力裝甲,
作品內位置,
葉傘,
美少年,
寬鬆衣服,
棒球衫,
球衣,
釘鞋,
低多邊形,
zun_(作風),
菸灰缸,
坐在動物上,
光線槍,
腳趾間,
尖乳,
雙面披風,
史萊姆_(生物),
煙霧,
黃色_邊框,
珊瑚,
泡泡_與_斜裁_袖,
倒立,
骷髏_耳環,
O_環_泳裝,
剛庫蘿,
辣妹,
乾草,
雙色_緊身衣,
緞面,
額點,
槳,
動物_腳,
菱形_圖案,
古董_電話,
轉盤_電話,
拿著_水槍,
黑色_無肩帶_上衣,
黃色_褲子,
黑色_輪廓,
手腕_鬆緊_圈,
傳統_妖怪,
白色_護腿_套,
雙叉_戟,
彈_吉他,
蓮葉,
泳裝_外穿_夾克,
腳趾_環,
膠片_顆粒,
太空人,
三角形,
萬聖節_快樂,
包紮_手腕,
拖拽,
在_水桶_裡,
漿果,
腳_抬起,
霓虹_燈光,
飄浮_斗篷,
指著_另一個,
梅花,
肚臍_鏈,
手臂_刺青,
綠色_外套,
網路_導航員,
客廳,
腰間_斗篷,
棕色毛衣背心,
浸沒,
異類,
飛艇,
木枷,
夏威夷衫,
說話汗滴,
拿著葉子,
拿著筆記本,
日出,
天狗,
頭戴顯示器,
倚靠桌子,
手臂炮,
斷氣,
箭袋,
收銀機,
高腰褲,
藍色睡衣,
後頸,
手臂置於兩腿間,
彈藥帶,
絨毛熊貓,
小貓,
翻白眼,
年齡比較,
粉紅阿斯科特領,
未戴護目鏡,
橙色披風,
飛行員服,
精神控制,
調整手套,
咬手套,
手掌合十,
紅色輪廓,
黑色毛皮,
身體毛皮,
紫色毛皮,
手上OK繃,
握著他人的尾巴,
抓尾巴,
不悅,
都市,
威爾斯柯基,
安全帶,
棕色胸罩,
拿著畫筆,
年齡進展,
跳繩,
藍色火焰,
燃燒,
超級機器人,
軟呢帽,
偽裝,
1970年代_(風格),
聖誕樹,
敞開連帽衫,
記號筆,
拿著夾克,
球形耳環,
義肢手臂,
機械化,
花見,
蝙蝠耳朵,
誤會,
白情人節,
拉衣服,
手腕被鎖鏈束縛,
長睫毛,
橙色胸罩,
高筒鞋,
碗型頭髮,
髒衣服,
鐘塔,
草莓短蛋糕,
塔,
帶扣靴子,
南瓜帽,
吊燈,
壁燈,
萬華鏡棒,
發光頭髮,
損壞,
棕色邊框,
池塘,
拿著襯衫,
\m/,
抓痕,
坐在桌上,
裝飾品,
吸血鬼裝,
白色披風,
日產,
賣淫,
皮手套,
鉚釘手套,
張開腳趾,
刺刀,
牙齒項鍊,
珍珠髮飾,
自我_擁抱,
動物_耳朵_穿孔,
戰斧,
晚禮服,
扶她_視角,
視角_胯部,
觀看,
零錢包,
武器_袋,
辣妹,
臉頰_鼓起,
黃色_毛皮,
飛蛾,
毛衣_圍腰,
多種_武器,
炒鍋,
夫妻,
腦,
愛愛_傘笠,
螢幕,
狀態,
未穿戴_手套,
開門,
玫瑰_圖案,
潛艇,
連帽_外套,
看電視,
拿著_糖果,
拿著_棒棒糖,
帽子_鈴鐺,
羊娘,
棒球_(物件),
燭光,
兜_(頭盔),
緞帶_裝飾_頭飾,
色差,
暗示_口交,
多條_腰帶,
魔法_男孩,
無_夾克,
抓住_他人_耳朵,
手放在_他人_耳朵,
扛在_肩上,
傳統_領結,
酒吧_(場所),
眼睛_反光,
懸掛_植物,
尖銳_腳趾甲,
徽章,
地球儀,
馬鞍,
雞尾酒禮服,
黑色西裝,
著衣男性裸體男性,
無肩帶襯衫,
符文,
順序,
陰莖環,
只是龜頭,
擁抱,
被踩踏,
三胞胎,
拿著韁繩,
韁繩,
十字形瞳孔,
縫紉針,
水藍指甲,
菱形過膝襪,
爬行動物女孩,
毛皮大衣,
愛心眼睛,
羅紋連衣裙,
未穿鞋子,
獎盃,
垃圾,
灰色邊框,
墊子,
彈跳,
砧板,
義大利文字,
髮刷,
水藍髮帶,
黑暗,
網,
連身衣微露,
骷髏圖案,
粉紅鞏膜,
水晶翅膀,
白色指甲,
背乳,
拿著騎鞭,
纜繩尾巴,
蜜蜂,
極光,
針織帽,
洋蔥,
射在自己身上,
化妝中,
掀起上衣,
頓棍,
卡拉梅爾丹森,
腿甲,
腿部護甲,
膝甲,
白色緊身胸衣,
白色吊襪帶,
葉子印花,
楓葉印花,
繩腰帶,
灰色頭飾,
胸花,
毛線球,
天際線,
手肘撐桌,
紫色褲子,
瓢蟲,
羅盤,
法衣,
威士忌,
閃粉,
遊樂園,
摩天輪,
櫥櫃,
胸口疤痕,
綠色和服,
無眼鏡,
手指微笑,
身體恐怖,
多個頭部,
白色內衫,
皺紋皮膚,
不同反射,
印度服裝,
紅色鞏膜,
菊紋,
手術刀,
在屋頂上,
義大利麵,
意大利麵,
重複影像,
玉子燒,
劍背在背後,
南瓜髮飾,
島嶼,
廣場,
沒穿褲子,
拍打,
洗衣籃,
牽牛花,
手臂裹布,
豪宅,
拉夾克,
塗鴉,
油漆罐,
衣服上油漆,
油漆飛濺,
臉上油漆飛濺,
灰色鞏膜,
豆子,
持茶壺,
珍珠耳環,
單邊髮髻,
前扣胸罩,
藍色背心,
圓圈9,
洗髮精瓶,
頭靠胸部,
聖誕燈飾,
星星臉部標記,
華麗,
棒,
沙拉,
腹斜肌,
黑色運動胸罩,
墮落天使,
腳踝被綁,
年齡回歸,
無袖夾克,
湯,
雞尾酒杯,
星星項鍊,
肩上貓,
宮頸插入,
巨大假陽具,
龐克,
隱藏眼睛,
幼稚園制服,
多條辮子,
節分,
寬臉,
傳統中文文字,
旗幟背景,
替代頭飾,
??,
爪印背景,
火焰頭髮,
熊貓耳朵,
運動褲,
衛星天線,
手抓,
醫院服,
皇冠編髮,
爆衣,
水藍帽,
多色尾巴,
黑色陰毛,
黑色新娘護手,
睫毛不對稱,
改裝制服,
格紋頭飾,
風暴,
斯庫拉,
男性觸手,
綠色皮膚,
紫色皮膚,
綠色羽毛,
哈比,
連體衣,
單翼,
折疊髮型,
從自己腿間看,
泰文,
怪物焦點,
脊椎,
深度插入,
交叉眼,
魚娘,
筒裙,
粉色臂套,
能量球,
能量刃,
桑拿,
展示陰戶,
舔肛,
貫穿,
精靈,
蕾絲手套,
膠帶束縛,
折邊靴,
尖頭鞋,
鱗甲,
光束,
鼻子創可貼,
O環頸圈,
紫色腰帶,
苔蘚,
耳飾,
阿拉伯服裝,
即將肛交,
綁髮,
電磁操控,
超能力,
常盤台_中學_制服,
黑色_開衫,
敞開_開衫,
條紋_毛衣,
牛紋_過膝襪,
格子_胸罩,
冬青,
不對稱_雙持,
彈孔,
安克_十字,
黑色_緊身褲,
掛繩,
東京_(城市),
分色_頭髮,
啜泣,
高腰_褲襪,
肩膀_刺青,
蕾絲_邊,
華麗_邊框,
槲寄生,
木乃伊,
不死者,
用毯子_遮蓋,
三角_之力,
聖誕_比基尼,
紙杯_帽子,
手臂_置於_他人_肩上,
棺材,
黑色_背帶褲,
親子丼_(性),
展示_臀部,
老婦人,
透視_夾克,
即將_口交,
尿布,
生物_與_擬人化,
精靈球_符號,
冬青_髮飾,
印花_襯衫,
鑿子,
矮人,
重新設計,
v_型_鰭,
碎片,
龜裂_皮膚,
弄臣,
粉色_鏡片_眼鏡,
車輛_內部,
木葉忍者服,
火槍,
禮服鞋,
拿著披薩,
披薩,
前後對比,
肛交後,
肛門微露,
臉頰痣,
眼間長髮,
巫師,
黃色外套,
泥巴,
星空圖案,
牛紋比基尼,
彈藥袋,
額外臉部,
水壺,
花環,
求婚,
紫色連帽衫,
路標,
毛邊比基尼,
黃色包包,
救生圈,
紅色兜帽,
little_busters!_校服,
蝙蝠髮飾,
溶解,
馴鹿角,
盆栽,
蓬蓬帽,
藥丸,
草莓蛋糕,
鹿耳,
假鹿角,
雞腿,
便利貼,
滑鼠墊_(物件),
派對帽,
葡萄酒瓶,
觀看者持牽繩,
聖誕手套,
露背泳裝,
藍色傘,
繃帶血跡,
受虐,
nerv,
錢包,
全息圖,
腰圍毛巾,
手腕裹布,
溜冰鞋,
菊花圖案,
豐田,
木箱,
方向盤,
超級英雄服裝,
狐狸影子玩偶,
拿著信封,
撐開他人的陰部,
醫療眼罩,
缺失肢體,
陰莖遮住一隻眼,
拿著巧克力,
微縮模型,
門松,
鏡餅,
頭頂有人,
鯨魚,
拿著盾牌,
鍋,
牡丹圖案,
毛皮圍巾,
戌年,
防彈夾克,
蛇紋,
魚網袖,
衣服拉下,
黑唇,
四股麻花辮,
金字塔_(結構),
年賀狀,
股間特寫,
攻擊單位,
拿著槳,
蒼蠅,
肩上,
漢字,
棘刺,
圓桌,
初詣,
紅白繩,
木根,
乳房膨脹,
唇蜜,
上班族,
風車,
堂兄妹,
棕色毛衣,
打樁機位_(性),
毛邊_大腿襪,
泳裝_洋裝,
熊_髮飾,
自我cosplay,
膝蓋_超出畫面,
粗呢大衣,
暗色背景,
拿著_植物,
點線,
塵雲,
玻璃瓶,
無線電_天線,
壁紙_(物件),
暗示_指交,
不可能_連體衣,
無肩帶_比基尼,
隊長_羽織,
口中_血液,
螢光燈,
白色_陰毛,
有釘_項圈,
公開_震動器,
遊樂場,
古典_蘿莉塔,
空白_馬賽克,
護腕,
秀肌肉,
殘骸,
粉色_眼影,
紫色_嘴唇,
口罩_掀起,
培根,
醬汁,
全長_拉鍊,
全息_顯示器,
奶牛_手套,
印花_手套,
不對稱_手套,
遮蓋_陰蒂,
決鬥_怪獸,
戰艦,
艦砲塔,
軍艦,
大開腿,
性愛_指導,
飛翔_紙張,
藍色_陰毛,
蛞蝓,
蜘蛛,
過量精液,
溺水,
軍用戰鬥服,
無肩帶背心,
頭上有寶可夢,
凌辱,
水晶耳環,
白色兜帽,
唇環,
遮住自己的耳朵,
洞開,
四頭肌訓練,
前戲,
結婚戒指,
臀部搖晃,
紅色頭巾,
物化,
噘嘴,
窗台,
矮小豐滿,
全身鏡,
肩當,
螺絲起子,
修理工,
廂型車,
新月臉標,
藍色連身褲,
彩色鞋底,
棕櫚葉,
鳳梨,
坐在樹枝上,
腕帶,
賽博時尚,
衣服下撐開陰部,
階層托盤,
倉鼠,
節肢動物肢體,
蜘蛛女孩,
乳房挖空,
熔岩隊,
虎紋,
紅色臂章,
埴輪（雕像）,
藍色毛衣背心,
斜紋領帶,
雙色領帶,
舔睪丸,
豬缚,
羊排鬍,
橙汁,
未穿連衣裙,
白色連帽衫,
火繩槍,
燧發槍,
起重機_(機器),
稻田,
白色邊飾,
濕毛巾,
毛邊和服,
三角髮飾,
連結穿環,
乳頭鏈,
無肩帶下裝,
保險套盒,
員工制服,
在人身上,
富士山,
下乳挖空,
環形口塞,
液體,
日蝕,
口塞束帶,
綠色毛衣,
樂團制服,
沙科帽,
腳蹼,
破碎的心,
豬,
好奇,
前後,
靜物,
糾纏,
躺在水上,
摘下眼鏡,
伏特加,
抱著別人的腿,
藍鬼,
紅鬼,
日清杯麵,
靠窗,
滑冰,
錨符號,
倒在自己身上,
精液在陰莖上,
扶她上男,
露出牙齒劉海,
歌曲名稱,
古希臘服裝,
希頓袍,
希臘羅馬服裝,
椰子_樹,
脖子_痣,
寶礦力水得,
手_捂_別人_嘴,
荷葉邊_短褲,
施虐狂,
桶,
洗_頭髮,
吉他_盒,
盲人,
燒傷_疤痕,
雙肢_截肢者,
懶眼,
割烹_衣,
獨輪_車,
毛皮_帽,
工具,
額外_瞳孔,
頭髮_流過,
玻璃_門,
手掌,
行李,
格斯_臉,
木_馬,
搖鈴,
製作_巧克力,
撒_豆,
牛_角,
星星_胸針,
白色_管_上衣,
惠方_卷,
卷_壽司,
麒麟_(鎧),
心形_項圈,
迷彩_褲,
部落_紋身,
日本_國家_警察,
槍套,
刀_鞘,
金色_腰帶,
額頭_紋身,
寬鬆_衣服,
寬鬆_襯衫,
尖_頭髮,
絨毛_企鵝,
香檳,
相同_服裝,
椰子,
古_埃及,
象形_文字,
,tag
,gold_chain
,pink_cape
,areolae
,teardrop_facial_mark
,dragon_ball_(object)
,crest
,hairy
,winged_hair_ornament
,hands_on_another's_cheeks
,nursing_handjob
,tongs
,hooded_robe
,tambourine
,talons
,winged_arms
,adam's_apple
,unworn_bikini
,fireplace
,wolf_boy
,multiple_condoms
,pointless_condom
,simplified_chinese_text
,spider_web_print
,chibi_on_head
,barbell
,weightlifting
,silver_trim
,fried_rice
,purple_headband
,onesie
,shared_earphones
,holding_heart
,racetrack
,mohawk
,bars
,pussy_juice_drip_through_clothes
,single_pantsleg
,torn_jeans
,balaclava
,holding_violin
,heart_in_heart_hands
,propeller_fighter
,ear_ribbon
,forked_tongue
,spoken_zzz
,lute_(instrument)
,wolf_girl
,gift_bag
,hook_hand
裂開_牆壁,
廢棄,
抓頭,
獎牌,
威脅_(jojo),
百合花紋,
官方圖_內嵌,
合意觸手,
主教冠,
臉埋枕頭,
全_納爾遜,
三股辮,
掙扎,
武術,
賽車服,
綠色_盔甲,
肩膀_尖刺,
多色_手套,
汽車人,
派克大衣,
俄式毛帽,
內層服,
健身球,
妻子_和_妻子,
數學,
可樂,
包裹,
三葉草_圖案,
面罩_(盔甲),
無側和服,
持杆,
羽毛_頭髮,
手上蝴蝶,
持鳥,
大根,
蘿蔔,
背負_劍,
暗角,
搖頭,
火山,
多色_披風,
棕色_項圈,
發光_蝴蝶,
分裂_主題,
檯燈,
膠布,
拍照,
時間戳,
腿環,
桌球拍,
指甲油瓶,
匡威鞋,
髒腳,
催眠,
絨毛鳥,
拱形瀏海,
粗暴性交,
頭靠他人肩上,
泡沫,
紙質紋理,
蕾絲邊襯衫,
花椰菜,
文具盒,
空手道服,
低腰褲,
掩面,
紫色背心,
頸間哨子,
遮他人眼睛,
斑馬線,
騎腳踏車,
實心眼,
雪花圖案,
斷肢,
瘋狂笑容,
夾娃娃機,
卡座,
愛麗絲_(愛麗絲夢遊仙境)_(cosplay),
華夫餅,
棋盤餅乾,
異界怪物,
透明翅膀,
沙灘排球,
額頭疤痕,
撕裂連體衣,
粗壯手臂,
貓咪服,
柄勺,
這個蘿莉控怎麼回事,
紫色眼影,
乳頭首飾,
髒臉,
旭日背景,
未戴首飾,
未戴項鍊,
動物毛髮飾品,
花朵手鐲,
無眉毛,
雙分瀏海,
聖誕飾品,
顏色_計時器,
怪獸,
紫色_著色_眼鏡,
印章_印記,
雨披,
粉色_花瓣,
右前左_和服,
表情_頭髮,
心臟_(器官),
葉子_髮飾,
運動_內衣_拉起,
側_鑽頭,
抓_襯衫,
吹氣,
天蓋_床,
雙色_帽子,
狗_男孩,
鑰匙孔,
低音_譜號,
睡衣,
被_包圍,
手臂_吊帶,
2_其他人,
藍色_毛皮,
持_手提箱,
羅格_羅盤,
電子_體溫計,
肩帶_拉起,
波卡點_緞帶,
露肩_毛衣,
紅色_著色_眼鏡,
背著_人,
侍者,
波卡點_蝴蝶結,
連帽_運動_夾克,
層疊_和服,
灰色_和服,
鄉村,
綠色_袖子,
茄子,
觀眾,
鋼管舞,
脫衣舞娘,
脫衣舞_鋼管,
動物化,
天空_印花,
購物籃,
短褲_掛一腿,
紫色_鎧甲,
頸枷,
寫實,
店面,
燭臺,
荷葉邊袖口,
海豚短褲,
不匹配比基尼,
小紅帽_(格林)_(角色扮演),
試穿衣服,
短眉毛,
茫然,
螺絲,
頭部螺絲,
和服拉開,
流口水,
畫師本人,
背鰭,
人魚男,
能量飲料,
波點連衣裙,
強化套裝,
乳頭膠帶,
藍色連指手套,
濕連衣裙,
飛魚,
短袖毛衣,
牙齒,
銀河,
賽璐珞渲染,
紅色褲襪,
十字頸圈,
可變戰機,
裁切手臂,
日本畫,
污漬內褲,
雙色外套,
橙色頭帶,
招牌台詞,
肚臍張開,
睡在人身上,
星星乳貼,
亂揮手臂,
被尾巴抬起,
麵包屑,
抱毛毯,
不高興,
香蕉皮,
衣服內射精,
紙飛機,
垃圾袋,
數位溶解,
像素化,
炒麵,
咖哩飯,
漸層和服,
有領外套,
白色吊襪帶,
發燒,
草摺,
可見空氣,
微波爐,
回想,
骷髏項鍊,
鳥形髮飾,
爆米花,
觸手頭髮,
口中含餐具,
手按自己股間,
火球,
暗雲,
漂浮頸飾,
高草,
薙刀,
比基尼短褲,
拿著菜單,
戒指髮飾,
容器,
捲曲眉毛,
陰莖在他人衣服下,
拿著地圖,
異色皮膚,
摺紙,
牛仔夾克,
馬賽克文字,
斷劍,
損壞武器,
液體上的花朵,
液體上的花瓣,
長絲帶,
袈裟,
僧侶,
掌印,
>_o,
豎琴,
黃色指甲,
警示膠帶,
禁止進入,
未穿過膝襪,
鉚釘頸圈,
白色西裝,
肩上痣,
動物鼻子,
滑梯,
圖案頭髮,
棉花糖,
龜頭手交,
發情,
質感,
達摩娃娃,
雙色短褲,
交通,
交叉綁帶開衩,
花朵頸圈,
手臂置膝,
波點腿衣,
ＸＸ,
紅色羽毛,
女執事,
藍色運動胸罩,
反光特寫,
奇美拉,
奶瓶,
平行宇宙,
手置他人腰間,
青少年,
保險套包裝條,
無杯胸罩,
手腕蝴蝶結,
有編號,
印花頭飾,
緞帶辮子,
銀蓮花_(花),
惠霞,
寬邊,
整理圍巾,
卡珠環,
乳頭對乳頭,
超級賽亞人,
鈕扣間隙,
腳跟抬起,
水藍背心,
獅尾,
迎面擁抱,
手臂刀刃,
化妝刷,
香水瓶,
頭髮穿過頭飾,
芬達斯特拉托卡斯特,
鯉魚旗,
風向袋,
巴西國旗,
拿著骷髏頭,
彩色舌頭,
紫色舌頭,
火車站月台,
胸部刺青,
馬勒,
起司拉絲,
披薩一片,
脖子掛相機,
抱著狗,
小瓶子,
熱狗,
肥胖,
披薩盒,
索具,
肩帶,
雙色內褲,
臉部繃帶,
手榴彈拉環,
工具腰帶,
H&K HK416,
警察徽章,
紅色皇冠,
橙色領帶,
希臘腳,
撕破夾克,
耳朵向下,
波點裙,
暗示肛交,
更衣室,
紅色運動胸罩,
鬆餅堆疊,
多米諾眼罩,
後末日,
假指甲,
手放在他人膝蓋上,
臉頰倚靠,
雙色斗篷,
閃避,
靴下長襪,
撕破圍巾,
鏽跡,
低綁側馬尾,
展示腋窩,
露背連體衣,
無限符號,
橙色毛皮,
桶（容器）,
紅地毯,
季節連結,
手放在他人背上,
手撐地,
衣服下穿緊身衣,
偵察器,
細條紋西裝,
官方替代色,
植物根部,
漂浮圍巾,
開檔褲襪,
外翻肚臍,
手按胸部,
火箭隊,
啞鈴,
令咒,
髮色連接,
棕色緊身胸衣,
黑色面罩,
頸甲,
貼紙,
村莊,
官方替代髮長,
狼人,
鉚釘手鐲,
側綁露出,
自己開啟,
臂束,
會陰,
陰莖尺寸差異,
其他三人,
其他焦點,
綠色兜帽,
抱持斷頭,
綠色火焰,
遮蓋陰莖,
決鬥盤,
開檔內褲,
狗毛髮飾,
紙張堆疊,
直劉海,
毛皮披肩,
釣魚線,
番茄醬,
男性玩偶兔裝,
疊好衣服,
多色帽子,
興奮,
長鼻子,
寶可夢戀,
捕鼠夾,
兔子兜帽,
戟,
寶麗來照片,
抓領帶,
9隊_(東方),
墳墓,
防曬衣,
撕破連體絲襪,
火焰圖案,
畫報風格,
監獄,
前列腺液滴落,
蜷縮,
紅色窗簾,
殭屍姿勢,
混凝土,
紅鼻子,
面朝下,
乳膠連體衣,
鉚釘項圈,
短款毛衣,
羊耳朵,
遮住睪丸,
陰莖邊緣露出,
翅膀胸針,
細條紋連衣裙,
透視連體衣,
本田,
穿衣寶可夢,
日立魔杖,
奶油,
拿遙控器,
半透明,
官方替代髮色,
粉色連帽衫,
超大胸罩杯,
救生員,
綠色吊帶背心,
公寓,
校隊夾克,
拳頭相碰,
未穿比基尼底褲,
X手指,
肌肉熊,
賽車,
賽車,
新選組,
POV門口,
彩色眼罩,
星星刺青,
錐形瓶,
遮住一隻眼睛,
多帶比基尼褲,
阿蓋爾毛衣,
橙色襪子,
抓袖子,
黃色臂章,
不對稱鞋履,
不匹配鞋履,
雙色比基尼,
犯罪照,
通緝令,
拿著麥克風架,
前開衩,
指揮棒,
破鏡子,
脖子圍方巾,
白兔子_(動物),
水藍水手領,
電池指示器,
棕色圍裙,
側戴帽子,
走開,
多個手鐲,
二頭肌,
啞鈴,
心形乳貼,
夾克披肩上,
條碼刺青,
灰色斗篷,
白色盔甲,
背包,
瘀青眼睛,
不對稱袖子,
不匹配袖子,
額外嘴巴,
日常工具,
長尾巴,
寶箱怪,
寶箱怪箱子,
指虎,
米色夾克,
蛇形髮飾,
外骨骼,
抱自己的尾巴,
緊身衣拉扯,
前馬尾,
信差包,
白色斗篷,
法師杖,
紅色眼影,
錨_耳環,
連弩,
多色_指甲,
心形_臉部標記,
力量_符號,
力量符號_形狀_瞳孔,
極長_袖子,
頭盔_蓋眼,
沐浴後,
大腿_痣,
無頭,
抓撓,
手勢,
粉色_腕環,
吻後,
進化_線,
無腳,
棕色_陰毛,
紫色_陰毛,
棕色_花朵,
鳶尾花_(花卉),
捏_袖子,
花札,
塔羅牌,
拿著_放大鏡,
棕色_緊身衣,
新娘_內衣,
背心,
星空_背景,
超級賽亞人1,
角色_吊飾,
拿著_掌上遊戲機,
啤酒_瓶,
厚底_高跟鞋,
黃框_眼鏡,
雙色_和服,
青筋_乳房,
燈罩,
肖像_(物件),
鉛管,
腰帶_鏈,
灰色_運動胸罩,
胸肌_溝,
緞帶_小披肩,
暗示_額外耳朵,
抽象,
灰色_輪廓,
身體_彩繪,
藍色_連帽衫,
冰柱,
尖帽子,
迷彩夾克,
戰鬥頭盔,
夾克部分脫下,
火把,
眼睛印花,
頭靠桌上,
海豹_(動物),
黃色鞏膜,
專注,
手放在他人的臀部,
精液膨脹,
黃色吊帶背心,
毛茸茸,
身體上的洞,
閃回,
木頭,
頭髮蓋臉,
手交手勢,
多角,
獠牙,
波浪眼,
摔角擂台,
反轉服裝,
巧克力糖漿,
德式鋼盔,
/,
粉紅瞳孔,
陰天,
單手腕鐐,
狼尾頭,
分叉眉毛,
外科口罩,
防毒面具,
蝴蝶飾品,
看著鏡子,
火焰眼,
撕裂披風,
垂直乳交,
半面罩,
鯊魚鰭,
鯊魚女孩,
髮耳,
帝國腰線,
豎條紋和服,
口枷_(面具),
陰部短鬚,
陰莖貼陰部,
手臂橫跨腰部,
書置膝上,
爪_(武器),
貴族_服裝,
舌環,
鼓型_彈匣,
調整_連體衣,
新式_校泳裝,
火箭隊_制服,
吉翁,
丁字褲_撥開,
阿茲特克,
隱形,
耳紅,
C_字褲,
過多_陰汁,
西里爾文,
俄文,
巧克力_香蕉,
流鼻涕,
QR_碼,
分離_風帽,
喉部_麥克風,
鬼_面具,
麻痺器,
零裝,
光_軌跡,
腰包,
緊身_褲,
袴拔_動作,
海藻,
鳥山明_(風格),
帶留,
腋下_觸手,
蹼手,
花環_(裝飾),
拿_口紅管,
藍色調_眼鏡,
._.,
大_耳朵,
紅色_運動服,
刻數,
國際象棋_棋子,
騎士_(國際象棋),
卒_(國際象棋),
荷葉邊_吊帶背心,
軍刀_(武器),
德國,
黑色_娃娃裝,
單_裸足,
分離_打底褲,
持_蠟燭,
紅色緊身胸衣,
勾玉耳環,
深色乳暈,
大腿開衩,
豆袋椅,
黃色連帽衫,
袖,
吊燈,
持捲軸,
狩衣,
龜殼,
曉組織制服,
人工眼睛,
機械眼睛,
傀儡線,
寫輪眼,
狐男孩,
鼻子相觸,
吱吱聲,
畫家風格,
德國服裝,
北極熊,
鴿子,
燕尾服,
泥刀,
花項鍊,
花環,
頭飾,
胸肌精液,
魚網襪,
肋紋袖,
乾磨,
磨蹭,
麥田,
單肩甲,
充氣鯨魚,
佐拉,
人馬,
塔烏,
黑皮膚,
黃色褲襪,
單髮筒,
唾液滴落,
裸足涼鞋_(飾品),
有角面具,
四字坐姿,
極長鬍鬚,
馬耳朵,
印花鞋履,
迷彩頭飾,
大日本帝國陸軍,
防空炮,
探照燈,
魚雷發射器,
魚雷管,
手指包紮,
搔癢側腹,
搔癢腋下,
鑰匙項鍊,
遮臉,
肩炮,
腳踝繃帶,
漫畫封面,
法被,
動物耳耳機,
貓耳耳機,
2007,
捕捉,
橘貓,
彩南高校制服,
三腳架,
圍巾蒙嘴,
單手新娘護手,
瀕死,
灰色圍裙,
糖果包裝紙,
蝴蝶結裙,
兔子男孩,
JOJO姿勢,
三角圖案,
未穿外套,
包裝糖果,
藍色面紗,
鑰刃,
防犯蜂鳴器,
短浴衣,
防彈背心,
警車,
綠色鞏膜,
粉紅毛皮,
拿鍋鏟,
流星雨,
羽毛飾邊,
罌粟花,
海軍制服,
白色睡袍,
龍角,
機器人少女,
抬頭顯示器,
藍色頭盔,
紅色頭盔,
橙色腿衣,
蓄力中,
巨大怪獸,
聯合國太空軍,
約會中,
菜單板,
拿著胡蘿蔔,
交叉綁帶,
黑色面紗,
魚群,
嘴含牙刷,
白蛇,
乳交邀請,
天馬騎士制服_(火焰紋章),
翼耳,
臉朝上方,
雛祭,
2008,
拿著錢幣,
翅膀髮飾,
綠色眼影,
魔方,
拉扯牽繩,
滾輪行李箱,
圖案領帶,
千鳥格,
皮革腰帶,
飛行甲板,
錨形飾品,
獵鹿帽,
怪物化,
貝殼髮飾,
黃色鑲邊,
聖誕花圈,
聖誕襪,
飛行夾克,
大腿口袋,
鋼琴圖案,
毛皮,
注視陰莖,
票券,
發情,
x3,
魚網緊身衣,
截圖嵌入,
撕裂斗篷,
粉紅羽毛,
西班牙文字,
緊張笑容,
單頭翼,
臉部瘀青,
分叉馬尾,
冰凍操縱,
國際象棋,
國王_(國際象棋),
皇后_(國際象棋),
雙色眼睛,
格子襯衫,
<o>_<o>,
毛邊領,
無側襯衫,
機庫,
男孩三明治,
平頭,
武術腰帶,
監獄服,
摔跤服,
被附身,
牛排,
胯部開衩,
藍色腕鐐,
紅色管狀上衣,
撕裂連體衣,
小地圖,
漩渦,
男僕,
櫻桃髮飾,
食物主題耳環,
噴漆罐,
中等鬢角,
荷葉邊腕帶,
額頭OK繃,
眉毛穿環,
菱形圖案開衩,
嘔吐,
交叉綁帶開衩,
居家服,
身體標記,
單根髮絲,
肩帶,
印花襪子,
貓耳髮帶,
手遮眼睛,
貓面具,
外套裙,
大師劍,
共用毛毯,
月光館高校制服,
阻擋,
裸體_夾克,
短褲下_自行車短褲,
橙色_連帽衫,
黃色_皮膚,
臉頰_疤痕,
尾巴_環,
漸層_角,
多色_角,
橙色_角,
粉色_角,
蓬蓬球_耳環,
紫色_角,
有領_短披風,
:i,
透明_馬賽克,
拉鍊_裙,
2010,
2009,
彩繪_衣服,
膝枕_邀請,
離體_眼睛,
恭喜,
胸部_束帶,
掀起_骨盆簾,
街頭_服裝,
角鬥士_涼鞋,
握住_他人_腳,
遮蓋_肛門,
臀部_焦點,
大胸肌,
粉色_袖子,
褲腳_塞入,
雙面_外套,
熔岩,
興奮_鼻血,
步行者_(機器人),
棕色_嘴唇,
動力服,
內褲_外穿_褲襪,
多色_圍巾,
水藍_夾克,
破損_盔甲,
顏色_對比,
霸天虎,
超長_舌頭,
溫室,
格子_腰帶,
羅紋_連體衣,
有袖_連體衣,
超長_指甲,
電力連接,
召喚者,
手臂痣,
身體痣,
飛濺,
蕾絲頸圈,
魚缸,
受精,
卵子,
deviantart用戶名,
廉價纏胸布,
寺廟,
水動能力,
兔子姿勢,
帕帕哈帽,
拉扯男性內褲,
立烏帽子,
監獄牢房,
綠色毛皮,
陰陽圖案,
肚臍毛,
鉑金金髮,
大橋高中制服,
大手,
如意金箍棒,
波塔拉耳環,
超級賽亞人4,
梅塔摩爾背心,
巨大睪丸,
黃色寶石,
金色耳環,
勺領,
持燈籠,
水藍和服,
姬男子,
骷髏圖案,
下唇穿環,
黑色天空,
灰色連帽衫,
無面具,
單脫袖,
漂浮岩石,
綠色袴,
陰部痣,
半勃起,
脛當,
鐘擺,
過膝,
皮克敏_(生物),
警察,
乳頭摩擦,
榴彈發射器,
團隊合作,
高挑女性,
黑色圍裙,
無陰部扶她,
香檳笛杯,
波點睡衣,
玻璃鞋,
星形瞳孔,
克拉倫特_(fate),
切割,
雙色運動胸罩,
團體名稱,
持鵝毛筆,
腹肌遮蓋,
眼部陰影,
旗桿,
眉毛,
呆毛搖曳,
蝴蝶刺青,
撓臉頰,
洋裝花飾,
地球聯邦,
浴場浴衣,
複製能力,
持氣球,
擦拭臉部,
超廣角攝影,
紅色連帽衫,
雙色裙子,
灰色毛衣背心,
持腿部,
勾玉項鍊,
單隻涼鞋,
手臂置頭上,
阿姨與姪女,
腹部傷疤,
豬耳,
夢可愛,
藍色邊飾,
固定,
持權杖,
替代形態,
兄正太,
植物頭髮,
遊戲截圖背景,
截圖背景,
電影院,
棕色斗篷,
星星魔杖,
抓住角,
鼓起的眼睛,
無法動彈,
咬脖子,
牛仔,
nanodesu_(片語),
卡通化,
沾污的衣服,
無袖高領連體衣,
雙面洋裝,
單肩帶,
精靈短髮,
鈕扣眼睛,
額外的腿,
橡膠手套,
散亂陰毛,
大腿帶,
噘嘴,
斷角,
拿著繩子,
屁股痣,
吻脖子,
床單鬼,
毛皮比基尼,
灰色角,
單耳下垂,
床頭櫃,
塗鴉,
迷因服裝,
物品頭部,
護耳具,
印花馬克杯,
暗示的BL,
光學瞄準器,
拿著雞蛋,
裂痕玻璃,
桅桿,
吊帶滑落,
多肩帶比基尼上衣,
龍男孩,
多彩皮膚,
雙色皮膚,
拿梳子,
巨大的睪丸,
展示腳部,
粉色袴,
摺紙鶴,
手鞠球,
書包,
能面具,
黑色手臂暖袖,
拿著鏡子,
:s,
阿什福德學園校服,
橫條紋過膝襪,
手腕切割,
水藍色褲子,
有領背心,
古埃及服裝,
花胸針,
格子蝴蝶結,
獸人與獸人,
摩托由依,
紅色花瓣,
藍色眼影,
魚男孩,
波斯菊_(花),
彩糖粒,
破面,
交叉綁帶比基尼,
車輛與擬人化,
白色面具,
火焰尖尾巴,
親暱,
拿著蛋糕,
對比,
調酒師,
白色手臂暖袖,
看著手,
精緻布料強調,
風呂敷,
裙下褲子,
蜘蛛圖案,
乳交後,
未戴眼罩,
交叉綁帶裙子,
飛行員,
阿蘭毛衣,
纜繩編織,
壁咚,
鑰匙圈,
單臂暖袖,
O環腰帶,
龍刺青,
實驗室,
豆腐,
在水上,
綠色頭帶,
貓之日,
金臂環,
琴弦之心,
寶塔,
紅胸針,
鬼服裝,
狼服裝,
萬聖節服裝,
腋下焦點,
下沉,
聊天記錄,
頭帕,
種子,
紅圍裙,
襯衫部分塞入,
拿著紙盒,
骷髏面具,
模仿,
蠍尾,
多條肩帶,
咖啡桌,
襯衫下擺外露,
紅面具,
羽飾,
黑色外套_(王國之心),
長側髮,
手指較少,
企鵝兜帽,
脫夾克,
紙條,
臉上有奶油,
歪戴頭飾,
拇指環,
雪花背景,
甜椒,
縫合臉,
大肚子,
印花裙,
持三叉戟,
和服裙,
四肢過大,
分離頭髮,
推開,
青筋手,
綠角,
人類劍鞘,
恩佩拉,
動物頭,
新月項鍊,
水藍鑲邊,
煙霧尾跡,
普通西裝,
華麗戒指,
脖子上的疤痕,
皺縮肛門,
水藍色皮膚,
參考圖嵌入,
被爐底下,
拿著罐子,
彎曲吸管,
達拉奇_(頭飾),
污垢,
精靈球主題,
iei,
藍鳥,
炸雞,
噴霧瓶,
塞進陰莖,
水藍圍巾,
某高中制服,
條紋臂暖,
垂直條紋褲襪,
灰色男士內褲,
只有腳部,
排球制服,
迪倫德爾裙,
化學結構,
漸層翅膀,
披肩,
鹿尾,
舔別人臉部,
井桁髭,
靜電,
威化棒,
海拉魯盾牌,
變身姿勢,
紅色開衫,
雪景球,
心跳,
閃亮腿衣,
低綁頭髮,
時空管理局地面軍服,
紗綾形,
豬年,
奶油泡芙,
蜈蚣,
背負盾牌,
毛皮,
綠色瞳孔,
發光刺青,
綠色束腰上衣,
傳送門_(物件),
液體頭髮,
小丑,
胸口心形,
卡米納眼鏡,
三角形眼鏡,
樹枝,
毛衣拉起,
枕大腿,
胸肌抓握,
眼睛內符號,
無背內褲,
格子和服,
胸帶,
乳液瓶,
秒錶,
小丑鼻子,
舔別人臉頰,
腹捲,
自殘,
單腿褲襪,
短褲下內褲,
滑板,
多色鞋履,
手纏帶,
活頭髮,
骷髏飾品,
陰陽球,
撲克籌碼,
不明紅色液體,
黃之槍_(Fate),
赤之槍_(Fate),
虎男孩,
虹彩,
四號坦克,
新娘腿飾,
布模_(人偶),
藍色男內褲,
小丑_(撲克牌),
長夾克,
無手套,
雞蛋花,
手腕花,
格魯德,
抽搐,
持弩,
皮甲,
鎖子靴,
氧氣面罩,
睪丸抓握,
精液泡泡,
藍色護目鏡,
乳膠大腿襪,
額冠,
叔叔與侄女,
悲傷微笑,
交叉手臂,
頭上水果,
不對稱褲子,
連帽短披風,
紅色犄角,
十字乳貼,
牙箍,
蝴蝶胸針,
羊尾巴,
呼吸器,
手疊手,
上挑雙眼,
大猩猩,
外套半脫,
不同肌肉尺寸,
地味子,
包皮垢,
待續,
能量炮,
星雲,
導彈莢艙,
一格漫畫,
底削髮型,
快扣扣環,
精子細胞,
蓬鬆頭髮,
松鼠女孩,
松鼠尾巴,
連衣裙下襯衫,
黑洞,
巨石,
臉上巧克力,
骷髏旗,
舟形帽,
弓腿姿勢,
對講機,
假雜誌封面,
蓬亂,
多色毛皮,
清澄校服,
連衣裙下褲子,
拿燒瓶,
肚臍上方挖空,
側繫襯衫,
頭鏈,
灰色_阿斯科特,
猴女孩,
火焰噴射器,
青蛙圖案,
吻部,
雙色毛皮,
藍色臂帶,
手套拉起,
乳頭鏤空,
羊角麵包,
耳夾,
白色袴,
黑色男泳裝,
印花袖子,
雙色連身泳裝,
捲曲手指,
持圍巾,
器官,
灰色西裝,
引眉,
細條紋褲,
黃色腰帶,
零之泳池,
獅女孩,
托加袍,
破損面具,
圓頂禮帽,
祥雲,
腋下鏤空,
爭執,
黑色眼線,
單靴,
藍莓,
灰色領結,
黑暗房間,
圓窗,
霰彈槍彈殼,
漂浮武器,
餃子,
餃子,
藥盒帽,
安全護目鏡,
洞洞鞋,
噴漆,
短側馬尾,
c:,
中指戒指,
紅色頸飾,
黃色著色眼鏡,
熱帶魚,
背部槍械,
棕色袖子,
暴牙,
芽,
暗示舔陰,
惡魔果實能力,
綠色髮圈,
捏弄自己的乳頭,
口交手勢,
紫色火焰,
貓的搖籃,
臀部支撐,
毛皮化,
銀河,
晴朗天空,
尖刺肩甲,
智能手機,
乳間阿斯科特領巾,
眼睛拖尾,
有領連體衣,
兔耳髮帶,
雙W,
無頭騎士,
阿拉克涅,
藍色斗篷,
魔像,
燭臺,
頭部蒸汽,
故障,
金屬皮膚,
頭後耳機,
持擴音器,
白色緊身褲,
象徵,
草莓切片,
花卉裝飾,
數字_(奈葉),
心形眼鏡,
口交邀請,
薩姆布朗腰帶,
emo時尚,
繪畫,
紅色西裝,
繃緊連體衣,
馬蹄鐵,
復活節,
白鳥,
噴氣背包,
長耳垂,
松鼠_耳朵,
畫面內美術工具,
黑色_頭盔,
低臂孔,
御柱,
有角_帽子,
對稱_姿勢,
多條_項鍊,
紫色_蝴蝶,
馬卡龍,
手放在玻璃上,
說話_表情,
穿牆,
無襠_褲子,
雪女,
初音未來_(cosplay),
印花_圍巾,
揮手_手臂,
音符_印花,
拿著_領帶,
毛邊_斗篷,
連體衣,
飛行員_太陽眼鏡,
側繫帶_泳裝,
撕破_比基尼,
心形_氣球,
細碎_劉海,
長手臂,
火焰_尾巴,
藍色_角,
雙色_圍巾,
手放在自己腿上,
粉色_鑲邊,
趾行,
橙色_髮圈,
手_休息,
拿著_電鋸,
貂_耳朵,
貂_女孩,
貂_尾巴,
鋼琴_鍵,
不對稱_袖子,
灰色_開衫,
槍刃,
櫻桃_番茄,
番茄_片,
熊_男孩,
抱著_人,
扭曲,
奇異果_片,
心形頭髮,
單膝護膝,
層疊比基尼,
山羊耳朵,
山羊女孩,
山羊角,
山羊尾巴,
傀儡環,
未戴領帶,
平板電腦,
藍色血液,
破損外套,
V字遮嘴,
木箱,
荷葉邊肩帶,
家族徽章,
拉下面具,
紅色短罩袍,
偶像服裝,
葡萄髮飾,
綠色胸針,
雲朵髮飾,
軟木頭盔,
條紋頭飾,
單肩連衣裙,
抱著寶可夢,
藍色男泳裝,
中央翻蓋劉海,
綠色連帽衫,
骨頭髮飾,
金色鞋履,
蜂巢髮型,
鳥類面具,
花朵狀瞳孔,
十字疤痕,
綠色斗篷,
星星飾品,
印花褲子,
一次性咖啡杯,
橙色連體衣,
吐煙,
翅膀飾品,
深色肛門,
帶孔錢幣,
頸部創可貼,
拿著記號筆,
未穿靴子,
黑鳥,
唐傘鬼,
帶翼心形,
彩虹頭髮,
製作人員頁,
烏謝克項圈,
角色髮飾,
格子腿衣,
眼罩比基尼,
骷髏手臂,
薑餅人,
彗星,
大鼻子,
格子帽,
土下座,
胸口洞,
頭上生物,
機械角,
黑色腿暖器,
手放在他人腿上,
水藍頭飾,
紫色小斗篷,
雙色背心,
連帽緊身衣,
女性哥布林,
持有驗孕棒,
暗示懷孕,
驗孕棒,
迷你動物,
馬娘,
細條紋夾克,
肩上生物,
荷葉邊水手領,
水果杯,
紅色管上衣,
復活節蛋,
印花夾克,
眼鏡帶,
月桂冠,
銀杏葉,
過大前臂,
微型內褲,
棕色指甲,
鳥腿,
腿部疤痕,
性轉換_(otf),
工具箱,
戒指項鍊,
結露,
月相,
小汗滴,
三角耳環,
腳放桌上,
塗鴉審查,
橙色頭飾,
巨尾,
手臂疤痕,
熊貓帽,
黑桃髮飾,
高衩短褲,
眼白不一,
極奏,
荷魯斯之眼,
褶邊背心,
雙面裙,
持記事本,
無袖毛衣,
悠閒地待一會兒吧,
無尾,
灰色袖子,
未戴圍巾,
棘尾,
頭足類眼睛,
護裙甲,
多色領帶,
小丑魚,
兔年,
剪刀刃_(Kill_la_Kill),
印花毛衣,
單肩護墊,
帽帶,
空洞雙眼,
訂書機,
毛皮靴,
臂甲,
手臂血跡,
寶可夢招式,
騎乘寶可夢,
鼠年,
印璽,
物種連結,
火焰之眼,
彩色肢體,
多色連帽衫,
紅手,
側繫裙,
網代笠,
棕色羽毛,
半人馬型,
白色開衫,
藍色胸針,
單眼面罩,
音頻插孔,
臀部刺青,
條紋夾克,
垂直條紋夾克,
單腿裸露,
奇蹟木槌,
曲折吸管,
胸花,
複眼,
任天堂3DS,
鬍渣鬍鬚,
類似色,
白色花瓣,
紫色長袍,
頸部刺青,
太空船內部,
手勢,
羊裝,
高領衫,
水果帽裝飾,
漸層裙,
白色睫毛,
螺栓_(五金),
棋盤,
眼中星星,
吊帶短褲,
琵琶,
口袋筆,
單肩露肩,
雙面夾克,
持火炬,
長手指,
閃光寶可夢,
幽靈姿勢,
交叉綁帶上衣,
連帽背心,
滑雪護目鏡,
繩上硬幣,
腰間開衫,
精靈球圖案,
貓頭鷹女孩,
羽毛鑲邊袖子,
單肩上衣,
拼湊皮膚,
動物骷髏,
海盜服裝,
羅紋過膝襪,
憋氣,
賭場,
肩膀創可貼,
高度,
跨身伸展,
漿果_(寶可夢),
頸掛口罩,
時鐘眼睛,
火焰角,
白色披肩,
微型胸罩,
煉獄之樁,
胸簾,
義肢腿,
保險套腰帶,
縫合嘴巴,
pixiv標誌,
綠色褲襪,
耳部蝴蝶結,
巧克力碎片餅乾,
禿鷹,
多色頭飾,
長角,
銀色連衣裙,
阿爾菲斯_(風格),
秋刀魚,
橙色寶石,
睡眠眼罩,
黑色腕鐐,
電插頭尾巴,
蕨類,
無前裝,
頭上骷髏,
金色比基尼,
層疊襯衫,
灰色花朵,
濕潤臉龐,
藍色束腰外衣,
紫色鑲邊,
初音日,
羽絨衣,
皮膚覆蓋角,
紫色開衫,
即將擁抱,
藍色花瓣,
連帽衫掀起,
短連身褲,
彈跳臀部,
縫合手臂,
縫合軀幹,
榮耀牆,
外套披肩,
棕色長袍,
鬣狗耳朵,
肩甲,
毒,
肥皺,
分叉尾巴,
診斷製造機,
遮蓋插入,
太空頭盔,
八十神高中制服,
漂浮骷髏,
條紋髮帶,
心形吸管,
裸體連帽衫,
不良少女,
嘴紗,
持哨子,
市場攤位,
背心上提,
地圖_(物品),
作川學校制服,
金色髮帶,
手繪,
藍色舌頭,
鼻環,
垂直條紋褲,
黃色瞳孔,
箭穿心,
櫻丘高校制服,
闇可愛,
心形前貼,
無髮飾,
濃密睫毛,
髮角,
玻璃碎片,
縫合脖子,
霓虹色板,
裝甲連體衣,
心電圖,
星星頭髮,
直江津高中制服,
雪花髮飾,
漸層緞帶,
心形O環,
山羊男孩,
喪服,
漸層腿衣,
蛇尾,
蝙蝠女孩,
蜥蜴尾巴,
抱小孩,
嘴上疤痕,
破襪子,
手臂挖空,
連帽洋裝,
初始寶可夢三人組,
紫色繩索,
胸甲,
背部疤痕,
寸頭,
美國旗腿飾,
替代身體尺寸,
口袋內物體,
垂直條紋頭飾,
風紀委員臂章_(toaru),
男乳,
小冠_(頭飾),
十字鍵,
緋素之劍,
太空印花,
鐘名石,
白色光暈,
腳部包紮,
蛾娘,
身體雀斑,
胎記,
條碼掃描器,
尖刺殼,
火焰之手,
被困,
螢光棒,
聞陰莖,
豺耳,
39,
亞馬遜位,
桃子帽飾,
發光嘴巴,
旗手,
持鈴鐺,
肩部疤痕,
小鴨,
歌い手,
灰色小披肩,
AR-15,
棋格旗,
持牙刷,
頸部動物,
即敗,
耳機,
水藍花,
圓鋸,
唇膏塗花,
迷你女巫帽,
長鬢角,
原體,
持鑰匙,
歷史姓名關聯,
格拉斯哥微笑,
肩帶,
雙色過膝襪,
雙狐影偶,
薄荷色,
藍色羽毛,
念動力,
bkub_(風格),
碗帽,
金項圈,
井號,
半馬尾辮,
花結,
肩上寶可夢,
白色頭盔,
熊娘,
棕色西裝,
撲克桌,
破帽,
狼剪,
羽毛耳環,
細繩胸罩,
後記,
尾巴纏腿,
圖鑑編號,
遊戲截圖嵌入,
格子圍巾,
制御棒_(東方),
鑽石鈕扣,
綠色連身褲,
接髮,
法爾西恩_(火焰紋章),
角色簽名,
旗袍蘿莉塔,
黑色頭巾,
白色披肩,
高領夾克,
負重裝備,
身體護甲,
心形鈕扣,
內搭襯衫,
垂直條紋袖,
綠色光環,
頭上兔子,
黑豹耳,
黑豹尾巴,
高腰帶,
葉子帽子裝飾,
蘇庫蘇庫白澤,
頸部毛皮,
胸部血跡,
護裆,
水手比基尼,
自殘疤痕,
水獺,
喬斯達胎記,
魚尾,
卡通骨頭,
粉紅火焰,
奇比特高中制服,
2014,
黃色斗篷,
橙色瞳孔,
藍色頭巾,
胸部簾幕,
帶刺項圈,
長眉毛,
紫色面紗,
髮型切換,
金蘋果,
快餐店制服,
蛇耳環,
內層有色頭髮,
竹內隆_(風格),
平面電視,
藍色鞏膜,
菱形褲襪,
漂浮頭飾,
虎娘,
牛年,
橙色背心,
灰階彩色背景,
無眼罩,
毛皮夾克,
主教_(西洋棋),
車_(西洋棋),
打破第四面牆,
探水杖,
頭部繃帶,
結,
爪戒指,
其他5人,
粗大陰莖,
胸肌下方,
緊身胸衣,
表情符號,
花卉印花洋裝,
iPhone,
白色面紗,
不對稱角,
內側彩色動物耳,
借用設計,
高腰短褲,
敘述,
臀部波紋,
裝甲連身衣,
比基尼底褲拉下,
格子夾克,
黑色連身褲,
側髮束後,
塑膠瓶,
紅色長袍,
前拉鍊泳裝,
,
國家連結,
波點鬆緊髮圈,
腰部贅肉,
胸部寶石,
簡訊,
火雞_(食物),
帶刺臂環,
船錨髮飾,
條紋連帽衫,
珍珠丁字褲,
連帽披風,
放課後茶話會,
貞操籠,
騎士腰帶,
戰術服裝,
雷曼四肢,
角花,
頭飾穿過角,
角環,
工業穿刺,
閃亮與普通,
未戴領結,
刺蝟女孩,
木乃伊服裝,
頭後光環,
阿伊努,
飾良,
農曆新年,
多重繪圖挑戰,
動物耳連帽,
陰莖陰影,
高坂桐乃的校服,
印花連帽衫,
七森校服,
十字鍵髮飾,
亞梅斯庫辣妹,
蠟封,
半截裙,
假手機截圖,
吊墜項圈,
O環束帶,
萬聖節水桶,
拿著魚雷,
不可能這麼可愛,
星星光環,
雙重\m/,
閃電髮飾,
肩護具,
其他四人,
男性的手,
巨大的角,
心形瞳孔,
儀式指揮棒,
高領連身衣,
食指舉起,
胸罩線條,
我們身處當下,
流蘇髮飾,
陣笠,
不要說「懶惰」,
比基尼內褲,
田徑服,
瑜伽褲,
臉上貼紙,
恐龍尾巴,
綠色鱗片,
無人機,
緞面內褲,
高低裙,
萌萌きゅん！,
鹿角,
MTU病毒,
死世界前線制服,
腳趾縫,
直播,
手放在他人腰上,
交易卡片,
2012,
爬蟲類男孩,
羊駝耳朵,
心形胸部挑戰,
黃色羽毛,
刺蝟,
艾雷森,
海恩,
拉拉菲爾,
米克特,
超級球,
鳥男孩,
眼中之花,
香霖堂天狗服裝,
雞尾酒搖酒器,
測試插頭服,
透視乳溝,
2011,
蛋形髮飾,
金戒指,
錨圖案,
K-pop,
動態姿勢,
雷門,
雷門足球制服,
心形鎖,
手臂置於膝蓋,
食物名稱,
安哥拉兔,
中國結,
海星髮飾,
紅色光環,
術士經文捲軸,
毘沙門天寶塔,
毘沙門天之槍,
白色嘴巴,
對魔忍服,
骨頭項鍊,
巨型男性,
紗布,
病嬌恍惚,
織田瓜,
編辮劉海,
きしめん髮型,
心形扣環,
其他髮飾,
三角臉部標記,
皮膚牙齒,
分格漫畫,
櫻紋,
殭屍服裝,
棒球場,
白色連體衣,
紅色毛皮,
脊椎,
鮟鱇魚,
白色_嬰兒裝,
拿著_漢堡,
睫毛_飾品,
寶石_(符號),
金幣,
艾斯圖斯_艾斯圖斯,
紅色_披肩,
藍星花_(花),
雙面_斗篷,
化妝花了,
粉色_血,
時定學園_制服,
孔雀_羽毛,
蛙娘,
掀起_夾克,
貓形_鏤空,
細條紋_襯衫,
簡單_鳥,
閃亮_泳裝,
白色_制服,
巨大_眉毛,
有角_兜帽,
萌黃高校_制服,
牆上_血跡,
糖果_髮飾,
虛線_眼睛,
閃光_印花,
嘴部_穿環,
黑色_手,
虎年,
閃光,
圓形_臉部標記,
橙色_光環,
2020,
2015,
雙色_領結,
蕾絲_袖子,
斜條紋_蝴蝶結,
斜條紋_領結,
官方_替代_眼色,
委託人_名字,
心形_墜飾,
黑色_男用內衣,
粉色_運動服,
他們之後做了很多次_(迷因),
拿著_平板電腦,
黃昏球,
白色_運動鞋,
耳朵_胎記,
手臂_袋,
雙色_褲子,
尾翼_(汽車),
白色_短上衣,
心形_寶石,
深水炸彈,
紅色_男性內褲,
條紋_頭髮,
文字_印花,
mega_寶可夢,
黑色_光環,
寶可夢_焦點,
天燈,
聖克羅尼卡學園_校服,
漸變_皮膚,
vocaloid_append,
側胸肌,
禮服褲,
pixiv編號,
twitter_標誌,
持可麗餅,
手部_刺青,
雙色_連帽衫,
外露_口袋,
智能手機_保護殼,
古明地覺之日,
每眼下方_痣,
胸肌之間,
胸肌推舉,
deviantart_標誌,
話數編號,
一小時繪畫挑戰,
缺口_耳朵,
水藍色_袖子,
貓頭鷹_耳朵,
洋裝下裙,
材質_生長,
眉毛_刻痕,
臉頰_標記,
龍年,
袴短褲,
印花短褲,
藍色_光環,
短褲下_leggings,
頭燈,
粉色_光環,
虛擬YouTuber,
帕拉迪斯_軍服,
立體機動裝置,
,black_headphones
,splash_page
,virgin_killer_outfit
,pin
,hair_on_horn
,archon_mark
,blue_robe
,alternate_species
,short-sleeved_jacket
,pocky_day
,beige_sweater
,chuunibyou
,glowing_horns
,patchwork_clothes
,reaching_towards_another
,otonokizaka_school_uniform
,star-shaped_eyewear
,magical_musket
,alternate_facial_hair
,orange_sclera
,black_nightgown
,androgyne_symbol
,shark_costume
,mitakihara_school_uniform
,kaname_madoka_(cosplay)
,yordle
,cetacean_tail
,rabbit_house_uniform
,red_wine
,mami_mogu_mogu
,witch_(madoka_magica)
,soul_gem
,multi-strapped_panties
,homu
,tied_ears
,aegyo_sal
,fox_hair_ornament
,triangle-shaped_pupils
,multicolored_halo
,bubble_tea
,side_ahoge
,sobu_high_school_uniform
,ligne_claire
,fur_shawl
,tail_piercing
,natsuiro_egao_de_1_2_jump!
,magatama_hair_ornament
,shark_tail
,grabbing_another's_arm
,ass_press
暗示性交後,
水晶頭髮,
濃密臂毛,
訓練兵團_(標誌),
物件浮於手上方,
tumblr用戶名,
白色漢服,
海灘墊子,
頭上御札,
凱皮帽,
手指撫頰,
pixiv用戶名,
單膝靴,
單大腿靴,
齊胸襦裙,
腋毛微露,
胸肌焦點,
蓬蓬髮飾,
瑪莉亞・撕裂者,
紅色鱗片,
蝙蝠飾品,
愛心手失敗,
水手泳裝_(偶像大師),
盧米諾西特・艾特奈爾,
提夫林,
高能見度服裝,
濃密胸毛,
昆達拉_(Fate),
短款連帽衫,
鯨魚髮飾,
神山高中制服_(冰菓),
多色髮帶,
七彩丘中學制服,
銀杏私立高中制服,
綠色毛衣背心,
物件置於胸上,
東方龍角,
卡片惡搞,
側分,
頭髮藤蔓,
側披風,
白色鱗片,
條紋外套,
處女殺手毛衣,
蒙面,
毛衣塞入,
香風智乃的校服,
女僕日,
BC自由軍服,
熊耳兜帽,
超級水槍,
腰間緞帶,
Facebook用戶名,
電競椅,
帶刺髮帶,
稀疏腿毛,
美國國旗連衣裙,
怪獸能量,
太空船髮飾,
南瓜燈髮飾,
聖誕禮物,
蘇格蘭扁帽,
皇冠髮飾,
小熊貓耳朵,
條紋背心,
斜劉海,
LGBT驕傲,
2013,
美洲豹耳朵,
美洲豹女孩,
臉上唇膏痕跡,
破損腿衣,
角色兜帽,
大洗學園制服,
手上疤痕,
X形瞳孔,
全鬍鬚,
不對稱角,
波點頭飾,
鱷魚尾巴,
星守護者_(英雄聯盟),
調查兵團_(徽章),
棕色披肩,
鬼魂髮飾,
灰色眼影,
綠色鑲邊,
聖格洛莉安娜女學院制服,
壽鶴絨,
大洗_(徽章),
桑德斯學園制服,
安齊奧軍服,
普拉弗達學園制服,
黑森峰軍服,
團扇,
大洗軍服,
桑德斯軍服,
聖格洛莉安娜軍服,
聖格洛莉安娜_(徽章),
張開腋下,
閃耀光環,
黑森峰女學園制服,
德國國旗比基尼,
真理女校軍服,
希卡族,
星光學園制服,
聖凱薩琳之劍_(fate),
粉色毛衣背心,
臉部部分陰影,
筆燈_(螢光棒),
改裝砲塔,
微博水印,
條紋腰帶,
雙馬尾之日,
靈活動緞帶,
新月玫瑰,
弗勒德拉潘制服,
持螢光棒,
露娜諾瓦學園制服,
法西納托帽,
雙色毛衣,
動物耳腿飾,
貓耳腿襪,
單吊帶襪帶,
微博標誌,
藍色披肩,
馬蹄鐵飾品,
知波單軍服,
胸罩杯過小,
希望之峰學園制服,
美洲豹紋,
雙面頭飾,
胸部對接,
島風_(kancolle)_(cosplay),
多色領結,
深海棲艦,
白色連身褲,
鬱金香帽,
開胸毛衣,
通話管耳機,
心形鎖_(kantai_collection),
寶石之國制服_(houseki_no_kuni),
黑色眼影,
側剃髮,
雲刺青,
高能見度背心,
波伊,
大力士腰圍,
機械雙手,
單機械手,
陰莖蓋眼,
安齊奧_學園_制服,
鑽石_耳環,
改造_(艦隊收藏),
毛衣_夾克,
唇膏_戒指,
辣妹男,
船錨_頸圈,
德拉夫,
中式_髮簪,
髮根_(頭髮),
妖怪_(妖怪手錶),
角_髮箍,
武器_箱,
豎條紋_背心,
帶刺_光環,
鑽石_髮飾,
魷魚人,
冠軍_法衣_(薩爾達),
飛濺射擊槍_(斯普拉遁),
墨水槽_(斯普拉遁),
黑暗_光環,
數字_印花,
印花_領結,
O環_大腿帶,
美洲豹_尾巴,
巡星丘_高校_制服,
幸福_氣場,
羅德卡梅洛_(Fate),
蝴蝶狀_瞳孔,
羅茲瓦爾_宅邸_女僕服,
船錨_項鍊,
絨毛_翼_獨角獸,
黑豹_少女,
反轉_兔女郎裝,
零之_繩,
金色_手臂,
奧拉族,
無_光環,
兔子_日,
秀盡_學園_制服,
綁帶_夾克,
男性_內褲_外露,
煙囪_髮飾,
無邊框_分鏡,
墨水十月,
U.A._學園_制服,
v4x,
眼黑,
泳裝_罩衫,
2016,
刺蝟_男孩,
臉書_標誌,
爾尤恩,
陰莖_唇膏印,
章魚靈,
魷魚嘴_斯普拉遁,
橙色_護目鏡,
patreon_標誌,
繪製_耳朵,
紫色_鞏膜,
patreon_用戶名,
北宇治_高中_制服,
黑色_腰包,
安布羅夏_(迷宮飯),
多處_疤痕,
滿身_疤痕,
瘟疫醫生_面具,
自拍_棒,
浦之星_女子學院_制服,
哈爾文,
縫合_腿部,
賽亞人,
百合丘_女子學院_校服,
黑桃皇后_符號,
汗濕_腋窩,
超級賽亞人_藍,
黑色_鱗片,
夢魂,
貘_尾巴,
猴子_男孩,
貓耳_內褲,
貓咪_內衣,
夢之咲_學院_制服,
萊姆_切片,
花栗鼠_耳朵,
無眼罩,
壓縮_衫,
黑色_披肩衫,
薮貓_圖案,
六角形_圖案,
鹿_女孩,
鐙帶_鞋履,
棉甲,
臉頰_紗布,
迦勒底_標誌,
迦勒底_制服,
不同_胸肌_大小,
條紋_頸巾,
塗鴉靈_(語言),
地球_(飾品),
紫色兜帽,
bc自由（徽章）,
恨之咆哮,
半身人,
螺旋槳髮飾,
傑克南瓜挑戰,
riyo（lyomsnpmp）（風格）,
札帕利符號,
鯊魚兜帽,
六胞胎,
腋下痣,
短劍（武器）,
藍色兜帽,
灰色頸圈,
啓續學校制服,
墨卡（守望先鋒）,
聖晶石（Fate）,
胸部綁帶,
選拔大學軍裝,
啓續軍裝,
半襟,
秀知院學園校服,
牙齒耳環,
駝鹿耳朵,
眼下寶石,
鐵血工造,
紅色條紋,
橫須賀女子海洋高校制服,
雙牙寺,
2017,
蝴蝶結耳環,
gumroad用戶名,
單肩章,
異端私立高校制服,
畫胡須,
instagram用戶名,
Z戒指,
鬼滅之刃制服,
兔子狀瞳孔,
procreate（軟體）,
閃電印花,
花咲川學校制服,
單耳罩,
露肩比基尼,
骷髏隊,
不對稱手臂,
2b（尼爾：自動人形）（角色扮演）,
宜家鯊魚,
瑪修·基列萊特（危險之獸）（角色扮演）,
Joy-Con,
任天堂Switch,
天舟瑪安娜,
六角形髮飾,
珍珠奶茶挑戰,
格里芬與克魯格軍裝,
心形飾品,
斯蒂爾制服,
水獺耳朵,
水獺尾巴,
札帕利饅頭,
頸部流蘇,
淚滴耳環,
雪豹耳朵,
雪豹尾巴,
噴水孔,
金屬髮帶,
企鵝尾巴,
腰封,
羽丘學園制服,
2018,
かりゆし衫,
狛犬耳朵,
東方龍尾巴,
虹咲學園制服,
莉奈醬滑板,
鎖骨痣,
聖杯之劍_(異度神劍),
鮭魚打工_(斯普拉遁),
硬幣髮飾,
絨毛獨角獸,
Instagram標誌,
多帶比基尼,
神浜大學附屬學校制服,
望水學園制服,
閃耀髮飾,
籃球球衣,
危機管理形態_(馬奇馬佐),
源石技藝_(明日方舟),
多個蝴蝶結,
BC自由學園制服,
割瀏海,
手指愛心,
毛皮斗篷,
塞壬_(碧藍航線),
連帽開衫,
格子髮帶,
破損光環,
讚與轉推,
特雷森學園制服,
原創賽服_(賽馬娘),
特雷森訓練服,
耳邊髮圈,
特雷森泳裝,
行星髮飾,
大腿OK繃,
2019,
單腿魚網襪,
加雷馬修道院制服,
企鵝女孩,
啪啪,
鯊魚圖案,
融化光環,
巨型胸肌,
眼上痣,
礦石病灶_(明日方舟),
帶翼心形刺青,
側上髮髻,
超級皇冠,
領口寶石,
濃密鬍鬚,
花栗鼠女孩,
k/da_(英雄聯盟),
持有手銬,
露肩夾克,
起始未來_(賽馬娘),
OK繃髮飾,
全息服裝,
核心水晶_(異度神劍),
鯊魚髮飾,
串珠頸圈,
擬態體_(泰坦墜落),
虎鯨兜帽,
藥丸耳環,
乞求臉表情符號,
露肩連身泳裝,
地雷系,
巴西國旗圖案,
羅德島標誌_(明日方舟),
無側連衣裙,
萊茵生命標誌,
冠軍制服,
極巨化腕帶,
耳鏈,
神里家_(家紋),
極巨化,
毛尖尾巴,
聖泰瑞莎女子學園制服,
E.G.O._(Project Moon),
胸部毛叢,
環形控制器,
感染監測器_(明日方舟),
美少女戰士重繪挑戰_(迷因),
伊甸學園制服,
救生圈裝飾,
星星貼紙,
hololive偶像制服_(原版),
神之眼_(原神),
2021,
月之森女子學園制服,
結丘女子學園制服,
愛意光環,
SubscribeStar用戶名,
紫色光環,
夜鴉學院制服,
神場女子高校制服,
頸部咬痕,
彩色對話氣泡,
宮坂女子學園制服,
神山高校制服_(project_sekai),
咒術高專制服,
黑色比基尼下裝,
Fanbox用戶名,
秀華學院制服,
稀疏肚臍毛,
遊戲開發部_(蔚藍檔案),
稀疏胸毛,
holomyth,
運動球衣女僕,
灰色光環,
問題解決68_(蔚藍檔案),
鑽石髮帶,
濃密肚臍毛,
請求內嵌,
雙眼下方印記,
緞帶耳環,
清心花,
極度多毛,
稀疏手臂毛,
智者長袍_(FF14),
2023,
帶翼光環,
陽東高校制服,
東四高校制服,
銀河探險隊調查團制服,
精靈球_(傳說),
2022,
矩形光環,
水藍光環,
お台場女子學園制服,
尖刺耳環,
三一綜合學園泳裝,
大型犄角,
推特脫衣遊戲,
寶石髮飾,
無想一心_(原神),
過多水印,
環形髮束,
幻理事會,
限流器_(九十九早奈),
鏈條頭帶,
黑色蒂亞拉,
愚人眾外套,
hololive偶像制服_(bright),
HoYoFair,
半透明兔女郎裝,
肩部露出,
橙華學園校服,
紫羅蘭學園校服,
龍耳,
莉可麗絲制服,
阿斯提卡西亞學園制服,
辣妹V,
下北澤高校制服,
邦布_(絕區零),
歙聲印記_(鳴潮),
東坦洋裝,
密斯特林科技學園啦啦隊服_(藍色檔案),
結束樂團,
2024,
處女殺手毛衣,
蓮之空女學園校服,
人偶樂團,
滴狀瞳孔,
米拉克拉公園！,
布萊克·布魯姆_(鳴潮),
車厘子花束,
推特X標誌,
初星學園校服,
環球初音,
雙色面紗,
香坂玉樹,
柚原小乃實,
亞爾托莉雅·潘德拉貢_(Fate),
薩伯_(Fate),
雛苺,
小牧真菜花,
園崎魅音,
水銀燈,
琳_(月姬),
美杜莎_(Fate),
美杜莎_(Rider)_(Fate),
間桐櫻,
卡倫·霍爾特辛西亞,
芙蘭朵露·斯卡蕾特,
橙,
八雲紫,
尤莉卡_(交響詩篇),
2K醬,
ME醬,
XP醬,
蒼星石,
水星石,
八雲藍,
島津吉乃,
愛麗絲·瑪格特羅依德,
霧雨魔理沙,
弓兵_(Fate),
遠坂凜,
阿爾奎德·布倫史塔德,
蕾米莉亞·斯卡蕾特,
十六夜咲夜,
堂道志摩子,
鈴仙·優曇華院·因幡,
八意永琳,
帕秋莉·諾蕾姬,
紅美鈴,
魂魄妖夢,
魂魄妖夢_(幽靈),
西行寺幽々子,
博麗靈夢,
貝爾丹迪,
艾諾,
真紅,
坂上智代,
瑪麗旋律,
福澤祐巳,
春日步,
庫亞黑,
庫亞白,
美墨渚,
雪城穗乃果,
希翁·艾特納姆·阿特拉西亞,
遠野秋葉,
藤原妹紅,
蓬萊山輝夜,
上白澤慧音,
蓬萊人形,
宇佐田光,
白魔導士_(最終幻想),
庫洛蜜,
露娜瑪麗亞_霍克,
翡翠_(月姫),
琥珀_(月姫),
美狄亞_(命運),
兩儀式,
優諾_斯克萊亞,
因幡帝,
艾莉絲_蓋恩斯伯勒,
神尾觀鈴,
園崎詩音,
伊莉雅斯菲爾_馮_愛因茲貝倫,
庫丘林_(命運),
庫丘林_(命運/停駐之夜),
衛宮士郎,
藤村大河,
君主_(仙境傳說),
妮可亞庫,
水瀬名雪,
庫,
星野瑠璃,
RX-78-2,
薩克_II,
弓塚五月,
庫加_夏樹,
木之本櫻,
木之本櫻_(魔法夢裝束),
愛麗絲_(愛麗絲夢遊仙境),
莉莉白,
米斯蒂亞_羅蕾萊,
魯米亞,
威格魯_夜蟲,
龍宮禮奈,
KOS-MOS,
綾波麗,
井上織姬,
關羽_雲長,
惣流·明日香·蘭格雷,
高階牧師_(仙境傳說),
北條沙都子,
前原圭一,
牧師_(仙境傳說),
高階巫師_(仙境傳說),
森近霖之助,
魂魄妖忌,
上海人偶,
哈羅,
水瀬亞季子,
月宮亞由,
葛城美里,
菲特_泰斯塔羅莎,
高町奈葉,
遠野志貴,
藤林杏,
蘿兒_(洛克人),
波靈,
古手梨花,
希爾_(月姫),
克羅_(魔卡少女櫻),
伊吹萃香,
霞_(死或生),
梅爾·坎貝爾,
娜迪亞·拉·阿沃爾,
拉姆,
水手水星,
天上院明日香,
哈曼·卡恩,
金糸雀,
貝吉塔,
露娜薩·普莉姆河,
莉莉卡·普莉姆河,
梅蒂欣·普莉姆河,
茵蒂克絲_(魔法禁書目錄),
莉莉絲_(魔界戰記),
碇真嗣,
上白澤慧音,
赫拉克勒斯_(Fate),
大道寺知世,
岩倉玲音,
梅伊_(罪惡裝備),
琪琪_(魔女宅急便),
珊_(幽靈公主),
朽木露琪亞,
黑崎一護,
凱蒂貓_(角色),
沙耶_(沙耶之歌),
阿斯蘭·薩拉,
琪露諾,
小岩井四葉,
宮藤芳佳,
奇犽·揍敵客,
小惡魔,
神綺_(東方),
阿蕾娜_(勇者鬥惡龍4),
賢者_(勇者鬥惡龍3),
碧安卡_(勇者鬥惡龍5),
羅托_(勇者鬥惡龍3),
瑪尼亞_(勇者鬥惡龍4),
冒險者_(FF11),
艾特娜_(魔界戰記迪斯蓋亞),
芙隆妮,
吉爾伽美什_(Fate),
言峰綺禮,
阿拉斯托爾_(灼眼的夏娜),
夏娜,
蕾蒂·惠特洛克,
瑪利歐,
小紅帽_(格林),
黑Saber,
蒂基_(火焰紋章),
幼年蒂基_(火焰紋章),
娜歐_(飛天),
朝比奈實玖瑠,
娜古露露,
莉婭斯,
摩莉根·安斯蘭,
蜘蛛人,
蒂法·洛克哈特,
伊吹風子,
李小狼,
三千院凪,
色羽_(侍魂),
普林尼,
塞莉絲·夏雷,
綾音_(死或生),
蒼崎青子,
巴潔特·弗拉加·麥克雷米茲,
衛宮切嗣,
伊布紀_(街頭霸王),
旗木卡卡西,
尤菲·如月,
迪奧·布蘭度,
草薙素子,
大眼怪_(瑪利歐),
尤瑞亞莉_(Fate),
斯忒諾_(Fate),
春麗,
迪茲_(罪惡裝備),
莎恩可,
春日野櫻,
肯·馬斯特斯,
鞍馬薊,
京·基斯克,
隆_(街頭霸王),
索爾·巴德蓋,
露娜·柴爾德,
星·紗菲,
桑尼·米爾克,
霧雨魔理沙_(PC-98),
拉克絲·克萊茵,
黑暗櫻,
英格麗德_(capcom),
夏亞_阿茲納布爾,
古河渚,
岡崎朋也,
卡嘉莉_尤拉_阿斯哈,
四楓院夜一,
碎蜂,
貝德維爾_(fate),
秋月律子,
天海春香,
雙海亞美,
雙海真美,
萩原雪步,
菊池真,
如月千早,
水瀬伊織,
三浦亞沙,
高槻穰,
哆啦A夢_(character),
阿爾馮斯_艾爾利克,
白金,
艾德華_艾爾利克,
菲莉西亞_(darkstalkers),
娜美_(one_piece),
不知火舞,
愛野美奈子,
小兔,
火野麗,
木野真琴,
水野亞美,
蒙奇_D_路飛,
水手_木星,
水手_火星,
水手_月亮,
水手_海王星,
水手_土星,
水手_天王星,
水手_金星,
山治_(one_piece),
托尼托尼_喬巴,
月野兔,
尼古拉斯_D_伍夫伍德,
瓦許_史丹比德,
醬子,
射命丸文,
松本亂菊,
博麗靈夢_(pc-98),
綺羅綺晶,
溫莉_洛克貝爾,
卡斯米_(pokemon),
初號機,
柴郡貓_(愛麗絲夢遊仙境),
白兔子_(愛麗絲夢遊仙境),
菲歐·傑米,
布莉潔特_(罪惡裝備),
日向雛田,
卡蜜·懷特,
阿格莉亞·奧克斯,
水無明里,
山中井野,
奇諾_(奇諾之旅),
風見幽香,
漩渦鳴人,
小野塚小町,
四季映姬·倚鈴,
綱手_(火影忍者),
奈斯_(母親2),
天上優天娜,
梅蒂欣·梅蘭克莉,
鈴仙,
愛麗絲·瑪格特洛依德_(pc-98),
妮菲塔莉·薇薇,
山村貞子,
二號機,
春野櫻,
潔西卡·阿爾伯特,
妙蛙花,
直江理樹,
大妖精,
埃莉_(東方),
風見幽香_(pc-98),
北白川千百里,
瑪莉貝兒·赫恩,
魔々_(東方),
岡崎夢美,
時子_(東方),
宇佐見蓮子,
夢子_(東方),
戰士_(勇者鬥惡龍3),
聖誕老人,
手鞠_(火影忍者),
米莉亞·蕾姬,
海王滿,
天王遙,
但丁_(惡魔獵人),
薩姆斯·亞蘭,
雷辛哈特,
克勞德·史特萊夫,
薩菲羅斯,
維根特·范倫丁,
法里斯_謝爾維茲,
莉莉_布萊克,
皮卡丘,
小傑_富力士,
傑洛_潔貝利,
空條_承太郎,
武藤_遊戯,
坂田_銀時,
櫻木_花道,
孫悟空,
尤娜_(ff10),
密特羅德_(生物),
綾里_真宵,
巴迪榭_(nanoha),
柊_鏡,
柊_司,
泉_此方,
高良_美幸,
由乃_(hidamari_sketch),
愛麗絲_卡蘿爾,
一之瀨_琴美,
長門_有希,
小智,
小遙_(pokemon),
露易絲_佛蘭索瓦絲_勒_布蘭_德_拉_瓦利埃爾,
閻魔_愛,
格拉夫_艾森,
維塔_(nanoha),
菲特_泰斯塔羅莎_(雷光形態),
夏瑪爾,
希格妮姆,
鹿目_圓,
史萊姆_(dragon_quest),
製作人_(idolmaster),
楠川_笹羅,
洛克人exe,
莉娜_因巴斯,
伊奇_(jojo),
讓_皮耶爾_波魯那雷夫,
喬瑟夫_喬斯達,
喬瑟夫_喬斯達_(老),
花京院_典明,
穆罕默德_阿布德爾,
索尼克_刺蝟,
白金之星,
土萌_螢,
碧姬公主,
魔法_露比,
風間_仁,
八神_疾風,
音無琴里,
蒂亞·格蘭茲,
赤木茂,
宇佐醬_(偶像大師),
雷因佛斯,
P頭製作人,
巴雷特·華萊士,
扎克斯·菲爾,
庫拉·戴蒙德,
怪物獵人_(角色),
蛙太,
御坂美琴,
白井黑子,
普露二號,
妮可·羅賓,
莉莎·霍克艾,
羅伊·馬斯坦,
林克,
薩爾達公主,
水箭龜,
黑十字,
杜娟_(寶可夢),
亂馬醬,
鶴屋,
上北小瑠璃,
夏目凜,
能美庫德莉亞芙卡,
細井晴香,
來栖川凰火,
盧克·馮·法布雷,
萊迪亞_(最終幻想4),
真崎杏子,
莫古力,
雷因佛斯二世,
日暮籠目,
人造人18號,
黑魔導女孩,
庫巴,
加農多夫,
路易吉,
馬薩爾_(聖火降魔錄),
夢幻,
羅伊_(聖火降魔錄),
席克,
少年林克,
小剛_(寶可夢),
蒂娜·布蘭福,
蘿菈·卡斯凱特_(洛克人),
蕾娜·夏洛特·提頓,
蘑菇_(瑪利歐),
托朗邦妮_(洛克人),
麻宮雅典娜,
小葉_(寶可夢),
琳_(聖火降魔錄),
宇智波佐助,
泰斯特門特_(罪惡裝備),
比迪麗,
巴克比爾德,
洛克人_(角色),
月溪公主,
巴克比亞子_(托羅亭),
尤莉雅_(聖火降魔錄),
真琴_(街頭霸王),
成步堂龍一,
御劍怜侍,
蕾薇_(黑礁),
布瑪,
皮克路,
孫悟飯,
特蘭克斯_(七龍珠),
特蘭克斯_(未來)_(七龍珠),
亞莉璐,
羽入,
沙奈朵,
神官_(勇者鬥惡龍3),
擎天柱,
渚薰,
橙_(貓),
涼宮春日,
巴茲克勞薩,
阿姆羅雷,
智羽_(美少女戰士),
吉兒華倫泰恩,
酷拉皮卡,
特瑞博加德,
神樂_(銀魂),
孫悟空,
食人魚草,
羅傑_(罪惡裝備),
桂雛菊,
卡繆維丹,
珊璞_(亂馬1/2),
基恩,
開莉_(王國之心),
小泉一樹,
朝倉涼子,
索拉_(王國之心),
肉桂狗,
卡比,
汪達迪,
小次郎_(寶可夢),
武藏_(寶可夢),
八神太一,
小火龍,
胖丁,
夢幻_(寶可夢),
可達鴨,
電燈怪,
大壞狼,
札吉夫,
灰原哀,
上條當麻,
一方通行_(魔法禁書目錄),
最後指令_(魔法禁書目錄),
御坂妹,
天照_(大神),
格斯_(劍風傳奇),
神月花凜,
普佑_(普佑普佑),
奇魯莉安,
拉魯拉斯,
喬魯諾·喬巴拿,
西連寺春菜,
莉安娜·海德倫,
稗田阿求,
莫德雷德_(Fate),
宮子_(陽光素描),
金鋼狼_(X戰警),
克林,
娜姿_(寶可夢),
琪琪_(七龍珠),
風間飛鳥,
逢坂大河,
哥吉拉,
羅羅諾亞·索隆,
烏索普,
沖田總悟,
坂本美緒,
十字暗殺者_(仙境傳說),
波克比,
姫宮安緋,
孫悟天,
坂崎由里,
弗蘭奇_(航海王),
萊妮特·畢夏普,
米娜-迪特琳德·維爾克,
佩蓮·H·克洛斯特曼,
零(Z)_(洛克人),
零_(洛克人),
X_(洛克人),
妖精利維坦_(洛克人),
維吉爾_(惡魔獵人),
拉拉_薩塔琳_戴比路克,
凱撒_安東尼奧_潔佩利,
喬瑟夫_喬斯達_(少年),
卡茲_(JOJO),
羅克薩斯,
艾爾_(洛克人ZX),
妮妮安_(聖火降魔錄),
蝙蝠俠,
夏爾米_(拳皇),
早乙女亂馬,
天道茜,
海馬瀨人,
闇遊戯,
彩虹美嘉,
莉諾亞_哈蒂莉,
加妮特_蒂爾_亞歷山德洛斯十七世,
艾莉希_葛蘭姆,
盧卡斯_(返校3),
犬夜叉,
傑克霜精_(女神轉生),
桐條美鶴,
伊織順平,
岳羽由加莉,
結城理_(女神異聞錄3),
山岸風花,
玩家角色_(魔獸世界),
皮特_(聖戰飛翼),
艾吉斯_(女神異聞錄),
愛麗絲菲爾_馮_愛因茲貝倫,
真田明彥,
潘_(七龍珠),
波森_(最終格鬥),
赫蘿,
伊莉莎白_(女神異聞錄),
黃色皮克敏,
亞瑟_潘德拉貢_(Fate),
艾達_王,
艾莉卡_哈特曼,
夏洛特_E_耶格,
薩妮雅_V_利特維亞克,
弗蘭切斯卡_盧基尼,
嘉德_(寶可夢),
雷恩_S_甘迺迪,
凪_(神薙),
皮丘,
索利德_史納克,
天使_(拳皇),
莉莉_(鐵拳),
星井美希,
荒垣慎次郎,
納薇,
小光_(寶可夢),
波加曼,
喵喵,
紅月卡倫,
妙蛙種子,
火球鼠,
火稚雞,
烈咬陸鯊,
八神光,
小磁怪,
拉普拉斯,
魯路修·vi·布里塔尼亞,
C.C.,
噴火龍,
愛蠻豚,
結城美柑,
枢木朱雀,
尤菲米亞·李·布里塔尼亞,
齊達·托里巴爾,
克洛克達爾_(海賊王),
火焰貓燐,
超級索尼子,
火爆獸,
娜娜莉·vi·布里塔尼亞,
我妻由乃,
耿鬼,
雪妖女,
克莉絲_(寶可夢),
弗蘭肯斯坦的怪物,
艾莉詩_(瓦利歐Ware),
岸邊露伴,
黛西公主,
薩格·雷昂哈特,
卡羅·魯·盧榭,
中島昴,
蒂亞娜·蘭斯特,
水無月嘉蓮,
卡通林克,
瓦利歐,
遠坂時臣,
雨生龍之介,
韋伯·維爾維特,
米朵娜,
阿斯塔特軍團,
卡米納_(天元突破),
西蒙_(天元突破),
陽子·利特納,
馮卡瑪・弗蘭茲卡,
弗蕾德莉卡・貝爾凱妮潔爾,
日名森亞夢,
水躍魚,
迪爾姆德・奧迪那_(槍兵)_(Fate),
伊斯坎達爾_(Fate),
暗殺者_(Fate/Zero),
克里斯・雷德菲爾德,
伊布,
喬尼・喬斯達,
間桐雁夜,
間桐櫻_(Fate/Zero),
井浪真姬露,
種島波普拉,
江戶川柯南,
綠_(寶可夢),
哈莉・奎茵,
夢原望,
川島亞美,
布魯諾・布加拉提,
納蘭西亞・吉爾加,
秋元小町,
百變怪,
走路草,
布鲁克_(One Piece),
原村乃可,
京子,
春日野麗_(Yes! Precure 5),
拉爾希_(聖火降魔錄),
夢想,
天使獸,
布塔_(TTGL),
貓娘,
金色之闇,
銀_(黑之契約者),
妮雅・泰佩林,
河城荷取,
黑_(黑之契約者),
秋穣子,
宮永咲,
秋静葉,
右代宮真莉亞,
維維歐,
莎侖_(Umineko),
糸色望,
狂戰士_(Fate/Zero),
吉爾・德・萊_(Caster)_(Fate),
肯尼斯・艾爾梅洛伊・阿基波魯德,
香氣山雛,
希羅娜_(寶可夢),
夏目京介,
佩羅娜,
塞茲納・F・塞耶,
蒂耶利亞・厄德,
初音未來,
犬走椛,
東風谷早苗,
洩矢諏訪子,
八坂神奈子,
皮翁太,
右代宮朱志香,
右代宮戰人,
拉帝亞斯,
空條徐倫,
吉良吉影,
瓜伊多・米斯塔,
普羅修托,
雷歐內・阿帕基奧,
利薩托・尼羅,
蒂莉莎・烏娜,
潘納科塔・佛戈,
閃電・法隆,
貝雅特莉切,
師匠,
塞壬,
米卡雅,
艾克,
席莉卡,
依麗莎,
塞莉普,
捲捲耳,
美衣子,
米亞,
伊藤開司,
普莉茲瑪·伊莉雅,
七彩鳥,
太陽伊布,
鬼斯通,
烏波,
菲爾特·格蕾絲,
海音,
路卡斯,
圓夢月,
傑尼龜,
帕奇利茲,
古手川唯,
雷丘,
俄羅斯,
鏡音鈴,
泰爾斯,
,akita_neru
,sin_sack
,lugia
,okamisty
,felyne
,kagamine_len
,ikamusume
,flareon
,jolteon
,vaporeon
,rosalina
,ranka_lee
,saotome_alto
,sheryl_nome
,apollo_justice
,gogeta
,vegetto
,yowane_haku
,watatsuki_no_toyohime
,watatsuki_no_yorihime
,blue_oak
,black_rock_shooter_(character)
,anna_(fire_emblem)
,courtney_(pokemon)
,drifloon
,red_(pokemon)
,yoshi
,marill
,lambdadelta
,vulpix
,blue_pikmin
,lucario
,maka_albarn
,olimar
,purple_pikmin
,red_pikmin
,jin_kisaragi
,noel_vermillion
,palutena
,ragna_the_bloodedge
,mishaguji
,gyarados
,magikarp
,meta_knight
,mismagius
,estellise_sidos_heurassein
,king_dedede
,yellow_(pokemon)
,satonaka_chie
,amagi_yukiko
東方仗助,
鳴上悠,
喬納森·喬斯達,
艾莎·蘭達,
蕾娜·艾琳朵,
黑夜精靈,
佐天淚子,
初春飾利,
皮可西,
遊城十代,
鈴仙·優曇華院·因幡_(東方儚月抄),
冰伊布,
平沢唯,
騎拉帝納,
露西·哈特菲利亞,
艾爾莎·史卡蕾特,
娜姿_(寶可夢),
克蘭·克萊因,
草苗龜,
朝陽_(寶可夢),
重音特托,
戰場原希蒂,
催眠貓,
爾雷朵,
大吾,
賽爾瓦利亞·布萊斯,
莫莫·貝莉亞·戴比路克,
高須龍兒,
美國_(黑塔利亞),
中國_(黑塔利亞),
法國_(黑塔利亞),
日本_(黑塔利亞),
普魯士_(黑塔利亞),
英國_(黑塔利亞),
烈焰雞,
真希波·真莉·伊路露佛,
美國隊長,
風速狗,
路瑪_(瑪利歐),
長耳兔,
木守宮,
沙漠蜻蜓,
阿勃梭魯,
女刺客_(fate/zero),
花村陽介,
莉莉安·盧希芬·德·奧特里希,
大嘴娃,
黑谷山女,
比那名居天子,
永江衣玖,
星熊勇儀,
綺紗女,
水橋帕露西,
納克爾斯,
八九寺真宵,
久慈川理世,
小初音,
巧克莉_(貓娘樂園),
芳乃_(貓娘樂園),
神威樂普,
巽勘治,
白鐘直斗,
熊_(女神異聞錄4),
莉塔·莫迪歐,
青綿鳥,
十六夜秋,
大嘴鷗,
基拉祈,
不動遊星,
堂島菜菜子,
時拉比,
葛爾特魯德·巴克霍恩,
艾拉·伊爾馬塔·尤蒂萊寧,
波特卡斯·D·艾斯,
死之魔女,
吻射·阿塞洛拉歐里翁·心下之刃,
忍野忍,
羽川翼,
肥皂_(現代戰爭2),
美遊·艾德費爾特,
美遊·艾德費爾特_(魔法少女),
魯裘,
艾米·羅絲,
謝米,
大主教_(仙境傳說),
聖劍·莉莉,
尤迪雅_(Tales),
妮卡·艾德瓦丁·卡塔亞寧,
銀_(寶可夢),
紫藤高嶺,
我那覇響,
足立透,
靈烏路空,
葉伊布,
鬼斯,
古明地戀,
古明地覺,
夢妖魔,
菊草葉,
快龍,
大尾立,
鳳王,
拉帝歐斯,
美納斯,
烈空坐,
利歐路,
洛托姆,
卡比獸,
藍鱷,
火焰貓燐_(貓),
靈烏路空_(烏),
右代宮安潔,
尤里·洛威爾,
瑞雯_(DC),
布蕾茲_(貓),
死侍,
雷文_(Tales),
特拉法爾加·D·瓦特·羅,
廣瀨康一,
虹村億泰,
金_(寶可夢),
森島遙,
波雅·漢庫克,
棚町薰,
七咲逢,
綾辻詞,
貝優妮塔,
竹井久,
陶可卡,
蕾切爾·阿爾卡特,
賽歐娜_(王國之心),
迪亞波羅,
普魯西_(星月_(誠月)),
莉莎莉莎,
漢娜-尤斯汀娜-馬賽爾,
夏爾·凡多姆海威,
山田葵,
阿克雅_(王國之心),
渡_(寶可夢),
福地美穗子,
迪歐·布蘭度,
櫻花美庫,
恩奇都_(Fate),
Wii Fit 教練,
Wii Fit 教練_(女性),
愛桃,
風丸一郎太,
秋山澪,
琴吹紬,
中野梓,
田井中律,
藤和艾莉歐,
宇田音歌,
鐵甲奇俠,
巡音流歌,
東尼·史塔克,
桃園愛,
努-13,
諾克提斯·盧西斯·凱勒姆,
青野美樹,
山吹祈里,
阿良良木曆,
織部康奈,
雅斯_(Fresh Precure!),
東晴菜,
高坂桐乃,
章魚流歌,
赤座あかり,
船見結衣,
歳納京子,
吉川ちなつ,
絢瀬亜里沙,
高坂京介,
索尼亞_(Kill Me Baby),
納茲玲,
雲居一輪,
多々良小傘,
雲山,
諾伊_(Dorohedoro),
伊芙_(Elsword),
影子·刺蝟,
史蒂夫·羅傑斯,
平沢憂,
真鍋詠子,
阿斯貝爾·蘭特,
仲村由理,
賽車美庫,
唐吉訶德·多弗朗明哥,
小葉_(寶可夢),
神原駿河,
千石撫子,
阿良良木火憐,
阿良良木月火,
古米,
水谷繪梨,
秋月涼,
光之戰士_(FF14),
埃爾梅洛伊二世,
七夜真,
晒黑琪露諾,
古戶英理卡,
雪莉亞·巴恩斯,
鈴木純,
五更瑠璃,
克蘿伊·馮·愛因茲貝倫,
克蘿伊·馮·愛因茲貝倫_(archer_install),
索菲_(tales),
黑羽川,
姬島朱乃,
莉亞絲·格雷摩利,
潔諾薇亞·魁薩,
聖白蓮,
封獸鵺,
港夢,
虎丸猶,
潮見琴音,
小早川凜子,
姉ヶ崎寧寧,
牧瀬紅莉栖,
岡部倫太郎,
椎名真由理,
菲莉亞_(skullgirls),
薩姆森_(skullgirls),
古谷向日葵,
阿風露照美,
凱因_(nier),
尤裟朵拉·羅爾,
韓智里,
尼祿·克勞狄烏斯_(fate),
尼祿·克勞狄烏斯_(fate/extra),
玉藻_(fate),
玉藻前_(fate/extra),
魔導士_(ragnarok_online),
珊泰,
亞絲娜_(sao),
塞西莉亞·奧爾柯特,
sf-a2_美希,
歌愛雪,
立華奏,
斧乃木餘接,
愛逢憂子,
長野原澪,
東雲奈乃,
強度_(black_rock_shooter),
唯_(angel_beats!),
日向秀樹,
音無結弦,
愛麗絲·卡特蕾,
克莉兒·布洛森,
庫蕾·瑪琳,
花咲蕾,
胡桃艾莉卡,
岸浪白野_(女),
仙台博麗之巫女,
雪美庫,
折原臨也,
園原杏里,
三日月夜空,
柏崎星奈,
幽靈_(現代戰爭2),
阿莉莎·伊里尼奇納·阿米耶拉,
月光,
月影由里,
索羅亞克,
大室櫻子,
姬海棠果亭,
長谷川小芭托,
明堂院五月,
奈亞拉托提普_(妮亞子),
杉浦綾乃,
冒險者_(FF14),
托托莉雅·赫爾姆霍特,
瓦倫丁_(骷髏女孩),
初音未來_(append),
希爾伯特_(寶可夢),
太陽,
紫之心_(新絕代戰記),
潘蒂_(PSG),
史托金_(PSG),
水水龜,
藤藤蛇,
暖暖豬,
希爾達_(寶可夢),
夾克女孩_(DIPP),
萊希拉姆,
海王星_(新絕代戰記),
黑之心_(新絕代戰記),
諾艾爾_(新絕代戰記),
薇爾特_(新絕代戰記),
布蘭_(新絕代戰記),
梅莉亞,
桐人,
N_(寶可夢),
莉法_(刀劍神域),
切嵐_(寶可夢),
薩博_(航海王),
普拉提娜三聯,
修爾克_(異度神劍),
貝露_(寶可夢),
魔王_(魔王勇者),
茨木華扇,
盧卡斯·李,
詩乃,
電電鼠,
小菫_(寶可夢),
童話_(Fate),
艾連·耶格爾,
巨人_(進擊的巨人),
裙兒藏,
詩娜,
明明照,
燭珍人,
風露_(寶可夢),
霓虹_(寶可夢),
夢夢蝕,
蒼炎王,
格雷姆雷_(寶可夢),
鶴卷真紀,
英武_(寶可夢),
拉克絲_(英雄聯盟),
膝襪_(PSG),
野乃_(寶可夢),
霧切響子,
曉美焰,
曉美焰_(魔法少女),
鹿目圓_(魔法少女),
矢澤妮可,
小泉花陽,
西木野真姬,
高坂穗乃果,
絢瀨繪里,
南小鳥,
園田海未,
美樹沙耶香,
美樹沙耶香_(魔法少女),
巴麻美,
巴麻美_(魔法少女),
不二咲千尋,
苗木誠,
庫蕾芮絲姆,
調貝奏,
庫蕾梅洛蒂,
腐川冬子,
蛇崩乃音,
裘德·馬西斯,
米莉亞·麥斯威爾,
塞蕾絲蒂亞·羅登貝爾格,
朝日奈葵,
阿卡莉,
伊芙琳_(英雄聯盟),
索娜_(英雄聯盟),
卡特琳娜_(英雄聯盟),
豐城響,
黑白熊,
丘比,
圓島盾子,
戰刃姆庫羅,
舞園沙耶香,
厄運小姐_(英雄聯盟),
索拉卡_(英雄聯盟),
夏洛特·杜諾亞,
勞拉·博德維格,
保登心愛,
香風智乃,
天座理世,
提比_(智兔),
夏洛蒂_(魔法少女小圓),
佐倉杏子,
佐倉杏子_(魔法少女),
九條可憐,
桐野蘭丸,
松風天馬,
真道拓人,
黑川艾蓮,
苦力怕,
奧克塔維亞·馮·塞肯多夫,
究極小圓,
由比濱結衣,
雪之下雪乃,
摩爾迦納,
安城鳴子,
星空凜,
東條希,
凱特琳_(英雄聯盟),
調貝亞子,
卡莉娜·萊爾,
黃寶靈,
本間芽衣子,
伊凡·卡雷林,
巴納比·布魯克斯二世,
鏑木·T·虎徹,
笠谷京子,
宮古芳香,
斑鳩_(閃亂神樂),
涅普吉亞,
雲雀_(閃亂神樂),
米卡莎·阿克曼,
基斯·古德曼,
亞絲娜_(刀劍神域ALO),
木下優姬_(刀劍神域),
科拉,
艾琳,
食蜂操祈,
飛鳥_(閃亂神樂),
亞馬遜_(龍之皇冠),
魔女_(龍之皇冠),
楪祈,
東方定助_(JOJOLION),
小貓_(重力偏差),
高倉緋鞠,
IA_(VOCALOID),
東北想子,
阿爾敏·阿爾雷特,
莉茲貝絲_(刀劍神域),
豐聡耳神子,
雙岩貓又,
霍青娥,
物部布都,
蘇我屠自古,
尤妮_(新維塔),
SeeU,
瑞樹雪風,
尼祿·克勞狄烏斯_(新娘)_(Fate),
刈谷正樹,
BB_(Fate),
BB_(Fate/Extra),
Saber Alter_(第三再臨),
木戶蕾,
瑞雯_(英雄聯盟),
伊莉莎白·巴托莉_(Fate),
伊莉莎白·巴托莉_(Fate/Extra CCC),
阿璃_(英雄聯盟),
開膛手傑克_(Fate/Apocrypha),
榎乃枝_(カゲロウプロジェクト),
贞德_(Fate),
贞德_(裁定者)_(Fate),
高文_(Fate),
賽米拉米斯_(Fate),
魔喬樂,
米雅_(魔物娘的日常),
斯奎格莉_(骷髏少女),
風鳴翼,
阿塔蘭忒_(Fate),
阿斯托爾福_(Fate),
迦爾納_(Fate),
柚木由加梨,
桐間紗路,
宇治松千夜,
克兒哈比,
星空美幸,
克莉絲匹斯,
黄瀨矢世,
克莉絲瑪許,
綠川直,
克莉絲桑妮,
日野茜_(光之美少女！Smile),
青木麗花,
克莉絲美蒂,
時崎狂三,
千反田愛瑚,
折木奉太郎,
實村加奈子,
二葉杏,
島村卯月,
安妮·萊納特,
克莉斯塔·藍茲,
莎夏·布勞斯,
弗蘭肯斯坦之怪物_(Fate),
三船美優,
澀谷凜,
小鳥遊六花,
丹生谷森夏,
龍崎薰,
高船霞子,
神谷奈央,
小日向美穗,
佐佐木千枝,
十木愛梨,
五十嵐京子,
本田美緒,
大槻唯,
市原仁奈,
宮本弗蕾德莉卡,
城ヶ崎莉嘉,
神崎蘭子,
多田里菜,
諸星きらり,
向井拓海,
城ヶ崎美嘉,
娜塔莉亞_(偶像大師),
姫川友紀,
沙條雪美,
前川未來,
日野茜_(偶像大師),
相葉夕美,
小早川紗枝,
櫻井桃華,
白坂小梅,
高垣楓,
小清水紗千子,
緒方智繪里,
赤城未來,
高森藍子,
北條加蓮,
立花響_(戰姫絕唱Symphogear),
洛天依,
小日向未來,
雪音克莉絲,
長瀞陽菜子,
仙川千尋,
小櫻瑪莉,
瀨戶幸介,
黑木智子,
忍野扇,
埼玉_(一拳超人),
如月桃,
如月伸太郎,
阿部菜々,
克隆姆_(火焰紋章),
璐璐_(英雄聯盟),
萊納·布朗,
暗黑皮特,
露琪娜_(火焰紋章),
諾薇_(火焰紋章),
瑪麗_(Ib),
木葉_(曖昧計畫),
鹿野修也,
立山綾乃,
蓋利_(Ib),
伊布_(Ib),
蒂琪_(成人)_(火焰紋章),
納特_(精靈寶可夢),
羅莎_(精靈寶可夢),
珂莉_(精靈寶可夢),
及川雫,
潮見澪子,
羅賓_(女性)_(火焰紋章),
羅賓_(火焰紋章),
纏_(PSO2),
利瓦伊_(進擊的巨人),
薩莉雅_(火焰紋章),
羅賓_(男性)_(火焰紋章),
新田美波,
七海千秋,
夏目真依,
佐久間真由,
萊妮絲·艾爾梅洛伊·阿奇索特,
梅林_(Fate),
摩根_(火焰紋章),
愛麗絲·祖貝爾,
宇佐見莫諾美_(彈丸論破),
秋山優花里,
五十鈴華,
西住美穗,
冷泉真子,
武部沙織,
西園寺日寄子,
罪木蜜柑,
狛枝凪斗,
速水奏,
貝爾托特·胡佛,
凸守早苗,
日向創,
小泉真晝,
九頭龍冬彥,
澪田依布希,
邊古山佩可,
左右田和一,
索尼亞·妮佛敏,
田中眼蛇夢,
安室透,
桐谷直葉,
星祥子,
安潔拉·巴爾扎克,
坂田金時_(Fate),
弓_(閃亂神樂),
角谷杏,
小山柚子,
鎌倉伊織,
村民_(動物森友會),
本居小鈴,
河嶋桃,
磯部典子,
近藤妙子,
達爾傑林_(少女與戰車),
橘佩可_(少女與戰車),
艾爾溫_(少女與戰車),
星宮一果,
片桐早苗,
森久保乃乃,
橘亞里壽,
凱撒_(少女與戰車),
澤梓,
山剛步美,
坂口佳里奈,
宇津木優季,
舒爾昕_(動物森友會),
阿薩姆_(少女與戰車),
凱_(少女與戰車),
娜歐米_(少女與戰車),
愛麗莎_(少女與戰車),
香草_(少女與戰車),
卡秋莎_(少女與戰車),
諾娜_(少女與戰車),
西住真穗,
逸見惠里香,
吹雪_(一拳超人),
龍捲,
魯庫麗麗_(少女與戰車),
西住志帆,
北白川玉子,
相田愛菜,
心耀,
劍,
菱川六花,
剣崎真琴,
火花篝,
舒琪·曼巴瓦蘭_(小魔女學園),
霞之丘詩羽,
摩根_(Fate),
帕斯菲妮_(Fate),
四葉愛麗絲,
桐谷葵,
蔚_(英雄聯盟),
阿拉·哈恩,
美爾特莉莉絲_(Fate),
尤彌爾_(進擊的巨人),
貞德_(碧藍幻想),
莫德雷德_(Fate/阿波克里法),
莫德雷德_(特里法斯之回憶)_(Fate),
星野_(少女與戰車),
博子_(少女與戰車),
韓吉,
澤村·史賓瑟·惠理,
格瑞姆_(聖火降魔錄),
火狐狸,
雪莉娜_(寶可夢),
卡洛姆_(寶可夢),
雪村葵,
安娜斯塔西亞_(偶像大師),
堀裕子,
齊格_(Fate),
佐倉千代,
瓶子美九,
凡妲,
仙子伊布,
豐川風華,
露比·羅絲_(RWBY),
東道悠里香,
薇爾·修妮_(RWBY),
中谷_育,
蘇王_桃子,
赤星_小梅,
香坂_海,
卡帕喬_(少女與戰車),
布蕾克_貝拉杜納,
楊_小龍,
箱崎_星霞,
橫山_直緒,
早坂_美玲,
所_惠,
島原_惠娜,
馬場_今美,
伊吹_翼,
加藤_惠,
神秘女主角X_(Fate),
漢斯·克里斯蒂安·安徒生_(Fate),
黛安娜_卡文迪許,
比企谷_八幡,
殺生院_祈荒,
望月_杏娜,
蕾吉娜_(動動！光之美少女),
赤城_(艦隊收藏),
吹雪_(艦隊收藏),
春日_未來,
北澤_志保,
真壁_瑞希,
最上_靜香,
七尾_百合子,
佐竹_美奈子,
田中_琴葉,
涼風_青葉,
黎恩_史瓦澤,
秦_心,
天龍_(艦隊收藏),
最上_(艦隊收藏),
加賀_(艦隊收藏),
榛名_(艦隊收藏),
提督_(艦隊收藏),
島風_(艦隊收藏),
飛龍_(艦隊收藏),
純潔,
鬼龍院_皐月,
纏_流子,
鮮血,
赤蛮奇,
千紬_(少女終末旅行),
尤莉_(少女終末旅行),
結城_晴,
鷺澤_文香,
超寶茶子,
雪風_(kancolle),
今泉影狼,
若鷺妃,
西絹代,
龍田_(kancolle),
高雄_(kancolle),
妖精_(kancolle),
陸奧_(kancolle),
摩耶_(kancolle),
阿基里斯_(fate),
愛宕_(kancolle),
薙切繪里奈,
北上_(kancolle),
大井_(kancolle),
金剛_(kancolle),
羽黑_(kancolle),
連裝砲醬,
長門_(kancolle),
暁_(kancolle),
電_(kancolle),
涼風_(kancolle),
叢雲_(kancolle),
潮_(kancolle),
扶桑_(kancolle),
山城_(kancolle),
瀧本日富美,
五十鈴_(kancolle),
夕張_(kancolle),
瑞鳳_(kancolle),
錯誤娘,
龍驤_(kancolle),
隼鷹_(kancolle),
文月_(kancolle),
雷_(kancolle),
霧島_(kancolle),
小男孩提督_(kancolle),
祥鳳_(kancolle),
玉_(kancolle),
鳥海_(kancolle),
三隈_(kancolle),
Wo型航空母艦,
宮古_(kancolle),
瑞鶴_(kancolle),
妙高_(kancolle),
艾蕾西絲_(elsword),
神通_(kancolle),
瑪莉亞·卡登札芙娜·伊芙,
加古_(kancolle),
曉切里卡,
月讀調,
比叡_(kancolle),
鎧木伊呂波,
犬牟田鳳架,
早園山羽々,
長月_(kancolle),
早霧_(kancolle),
北上改二_(kancolle),
大井改二_(kancolle),
初春_(kancolle),
黑潮_(kancolle),
那智_(kancolle),
熊野_(kancolle),
T頭提督,
木曾_(kancolle),
優沙小梓,
初雪_(kancolle),
鳳翔_(kancolle),
大淀_(kancolle),
千歲_(kancolle),
那珂_(kancolle),
白雪_(kancolle),
響_(kancolle),
川內_(kancolle),
翔鶴_(kancolle),
古鷹_(kancolle),
寧海_(kancolle),
雷格_(made_in_abyss),
足柄_(kancolle),
千代田_(kancolle),
陽炎_(kancolle),
不知火_(kancolle),
敵機_(kancolle),
五月_(kancolle),
日向_(kancolle),
飛鷹_(kancolle),
阿武隈_(kancolle),
魯級戰艦,
失敗企鵝,
克勞德小姐,
涼波_(kancolle),
太級戰艦,
チ級魚雷巡洋艦,
大潮_(kancolle),
衣笠_(kancolle),
舞風_(kancolle),
鑽石_(houseki_no_kuni),
I-168_(kancolle),
嵐_(kancolle),
時雨_(kancolle),
女提督(艦これ),
真宮(艦これ),
蒼龍(艦これ),
伊型驅逐艦,
伊58(艦これ),
滿潮(艦これ),
大和(艦これ),
少名針妙丸,
利型重巡洋艦,
咚咚鼠,
利根(艦これ),
敷波(艦これ),
沖田總司(fate),
沖田總司(こはace),
伊織凛子,
伊勢(艦これ),
筒籠弁々,
鬼人正邪,
堀川雷鼓,
筒籠八橋,
熊野(艦これ),
朧(艦これ),
霰(艦これ),
村雨(艦これ),
由良(艦これ),
筑摩(艦これ),
霞(艦これ),
磯波(艦これ),
伊19(艦これ),
鈴谷(艦これ),
朝潮(艦これ),
武藏(艦これ),
霧島董香,
派拉·尼克斯,
睦月(艦これ),
如月(艦これ),
菊月(艦これ),
魔法未來初音未來,
望月(艦これ),
琪亞娜·卡斯蘭娜,
玉藻貓(fate),
百江渚,
名取(艦これ),
曙(艦これ),
萬觀色真子,
的場里紗,
維爾尼(艦これ),
磷葉石,
狐狸精靈,
三日月(艦これ),
青葉_(艦隊收藏),
長良_(艦隊收藏),
綾波_(艦隊收藏),
初風_(艦隊收藏),
鬼怒_(艦隊收藏),
阿斯托爾福_(水手聖騎士)_(Fate系列),
阿庫婭_(為美好的世界獻上祝福！),
佐藤和真,
島風君,
金克斯_(英雄聯盟),
白露_(艦隊收藏),
夕立_(艦隊收藏),
若葉_(艦隊收藏),
蛙皇尼,
夕立改二_(艦隊收藏),
那珂改二_(艦隊收藏),
初霜_(艦隊收藏),
非人類提督_(艦隊收藏),
黏黏寶,
超級沙奈朵,
夕雲_(艦隊收藏),
怪女_(寶可夢),
桐澤十蔵_(角色),
兔耳幸音,
卷雲_(艦隊收藏),
時雨改二_(艦隊收藏),
喬姆醬,
惠惠,
悠悠_(為美好的世界獻上祝福！),
惡魔焰,
譚雅·馮·德古雷查夫,
秋雲_(艦隊收藏),
明石_(艦隊收藏),
能代_(艦隊收藏),
阿賀野_(艦隊收藏),
空港公主_(艦隊收藏),
金剛改二_(艦隊收藏),
伊-8_(艦隊收藏),
戰艦公主_(艦隊收藏),
瑪莉·羅絲,
雅兒貝德_(不死者之王),
伊-401_(艦隊收藏),
矢矧_(艦隊收藏),
長波_(艦隊收藏),
神風_(艦隊收藏),
愛乃萌果,
粉紅精靈,
白雪姬,
川上麻衣,
佩波尼_(少女與戰車),
大森優子,
衣笠改二_(艦隊收藏),
針目縫,
木曾改二_(艦隊收藏),
星見凱特,
艾莎_(冰雪奇緣),
安娜_(冰雪奇緣),
二之宮飛鳥,
大鳳_(艦隊收藏),
丸由_(艦隊收藏),
秋津洲丸_(艦隊收藏),
敵機雷_(艦隊收藏),
秋津洲丸改_(艦隊收藏),
和泉紗霧,
山田妖精,
神通改二_(艦隊收藏),
川內改二_(艦隊收藏),
卯月_(艦隊收藏),
彌生_(艦隊收藏),
拉姆蕾薩爾·瓦倫泰因,
一之瀨志希,
佐藤真,
達克妮絲_(為美好的世界獻上祝福！),
Z1萊貝雷希特·馬斯_(艦隊收藏),
Re級戰艦,
俾斯麥_(艦隊收藏),
Z3馬克斯·舒爾茨_(艦隊收藏),
仙豆五十鈴,
濱風_(艦隊收藏),
大空晶,
城賀摩耶,
夏惠,
雷電芽衣,
成人海王星,
天衝風_(艦隊收藏),
封蓮夜婆娑美,
英樂鶴鴨,
連裝砲君,
港灣公主,
上井怜治_(YUA),
利根改二_(艦隊收藏),
孤島鬼,
酒匂_(艦隊收藏),
谷風_(艦隊收藏),
影山茂夫,
沙塔妮西亞·胡桃澤·麥克道爾,
茱比爾_(遊戲人生),
大阪雫,
紅水母_(餅乾),
浦風_(艦隊收藏),
柊柚子,
奧茲曼迪亞斯_(fate),
五十嵐京_(eroe),
音倉優希,
依田吉乃,
托爾_(maidragon),
大鯨_(kancolle),
龍鳳_(kancolle),
加子,
一色伊呂波,
墨魚女孩,
墨魚玩家角色,
海塚因保,
獵人_(bloodborne),
格蘭_(granblue_fantasy),
真中拉拉,
金木研,
史萊因·特洛亞德,
星野普米娜,
魯迪厄斯·格雷拉特,
榛名改二_(kancolle),
布洛妮婭·扎伊奇克,
焰_(honkai_impact),
瑪修·基列萊特,
瑪修·基列萊特_(準從者),
貝亞托莉絲_(re:zero),
艾米莉雅_(re:zero),
拉姆_(re:zero),
雷姆_(re:zero),
靜謐哈桑_(fate),
北部海域公主,
磯風_(kancolle),
春雨_(kancolle),
時津風_(kancolle),
雲龍_(kancolle),
清霜_(kancolle),
中途島公主,
林霜_(kancolle),
莉莎_(pokemon),
赫斯緹雅_(danmachi),
妮歐波利坦,
維茲_(konosuba),
皮皮美,
波噗子,
雨宮蓮,
高木さん,
芙拉瓦_(vocaloid),
艾爾菲特·瓦倫泰因,
迪塔_(granblue_fantasy),
達努亞,
蜘蛛格溫,
墨靈男孩,
伊良湖_(艦隊收藏),
格溫史黛西,
枝垂螢,
拉芙塔莉雅,
蛙吹梅雨,
麗日御茶子,
綠谷出久,
爆豪勝己,
蘆戶三奈,
耳郎響香,
八萬由貴,
相澤消太,
勇木由乃,
艾蕾娜_(魔女之旅),
宇智波佐良娜,
天王星宇津見,
特務3_(斯普拉遁),
章魚玩家角色,
天使_(鬥陣特攻),
追蹤者_(鬥陣特攻),
黑寡婦_(鬥陣特攻),
源氏_(鬥陣特攻),
法老之鷹_(鬥陣特攻),
歐根親王_(艦隊收藏),
野分_(艦隊收藏),
秋月_(艦隊收藏),
驅逐公主,
朝雲_(艦隊收藏),
轟焦凍,
切島銳兒郎,
維菈_(碧藍幻想),
葉隱透,
琴葉茜,
琴葉葵,
天之川綺羅羅拉,
春野春華,
友利直,
山雲_(艦隊收藏),
黃前久美子,
高坂麗奈,
庫丘林_(術者)_(Fate),
格蕾_(Fate),
吹雪改二_(艦隊收藏),
阿妮拉_(碧藍幻想),
製作人_(偶像大師灰姑娘女孩動畫),
阿薩菈_(火焰紋章),
穗乃果_(死或生),
鯰左鶴城,
骨喰藤四郎,
堀川國廣,
歐爾麥特,
粟田口光忠,
燭台切光忠,
大和守安定,
三日月宗近,
鶴丸國永,
加州清光,
五虎退,
小夜左文字,
亂藤四郎,
和泉守兼定,
審神者_(刀劍亂舞),
一期一振,
藥研藤四郎,
奇爾查克·蒂姆斯,
萊歐斯·陶登,
瑪修艾爾·多納托,
女審神者_(刀劍亂舞),
莫爾加納_(女神異聞錄5),
高卷杏,
小狐丸,
U-511_(艦隊收藏),
RO-500_(艦隊收藏),
天城_(艦隊收藏),
香取_(艦隊收藏),
朝霜_(艦隊收藏),
姆普,
戰士_(碧藍幻想),
莉莉亞_(碧藍幻想),
近衛奏多,
卡格莉斯托_(碧藍幻想),
菲莉_(碧藍幻想),
高海千歌,
摩耶改二_(艦隊收藏),
沖田總司Alter_(Fate),
潔塔_(碧藍幻想),
優衣_(公主連線!),
一般人偶,
國木田花丸,
黑澤黛雅,
黑澤露比,
松浦果南,
小原鞠莉,
櫻內梨子,
津島善子,
渡邊曜,
卡蜜拉_(聖火降魔錄),
卡姆伊_(女性)_(聖火降魔錄),
卡姆依_(火焰紋章),
卡姆依(男)_(火焰紋章),
艾莉絲_(火焰紋章),
雷歐_(火焰紋章if),
櫻花_(火焰紋章),
拓海_(火焰紋章),
叢雲改二_(艦隊收藏),
福田春,
克拉麗絲_(碧藍幻想),
櫻島麻衣,
阿爾特拉_(Fate),
睦月改二_(艦隊收藏),
維恩_(碧藍幻想),
尤艾爾_(碧藍幻想),
芙拉瓦_(VOCALOID4),
葛城_(艦隊收藏),
利托里奧_(艦隊收藏),
羅馬_(艦隊收藏),
秋津洲_(艦隊收藏),
高波_(艦隊收藏),
夏洛特_(碧藍幻想),
牛若丸_(Fate),
中川夏樹,
羅絲希普_(少女與戰車),
賽爾瓦爾_(動物朋友),
蝦夷赤狐_(動物朋友),
清嵐_(東方),
宇佐見菫子_(東方),
朵蕾蜜·斯威特_(東方),
鈴瑚_(東方),
呼呼_(斯普拉遁),
貝貝_(斯普拉遁),
安德瓦_(我的英雄學院),
斯卡哈_(Fate),
妮娜_(火焰紋章),
吉川優子,
鎧塚霙,
香坂望,
阿周那_(Fate),
傑克-O'_瓦倫丁,
維爾貝特·克勞,
村田姬子,
島田千代,
2B_(尼爾：自動人形),
席爾瓦_(碧藍幻想),
蒂菲_(nottytiffy),
卡拉卡爾_(動物朋友),
利姆露·坦佩斯特,
奧菲莉亞_(火焰紋章),
索菲·紐恩米勒,
藤丸立香_(女),
藤丸立香_(男),
哈卡朵兒_3,
八重櫻,
八重櫻_(逆神之巫女),
織田信長_(FGO),
織田信長_(Koha-Ace),
奧爾加·瑪麗·安尼姆斯菲亞,
芙歐_(FGO),
貞德_(第三再臨)_(FGO),
瑪麗·安托瓦內特_(FGO),
玉藻貓_(第三再臨)_(FGO),
照月_(艦隊收藏),
風雲_(艦隊收藏),
速水_(艦隊收藏),
海風_(艦隊收藏),
利比西奧_(艦隊收藏),
川風_(艦隊收藏),
布倫希爾德_(FGO),
清姬_(FGO),
鬼神佐古梅,
克勞恩皮斯,
純狐_(東方),
赫卡提亞·拉碧斯拉祖利,
千子村正_(FGO),
貞德·Alter_(復仇者)_(FGO),
貞德·Alter_(FGO),
卡蜜拉_(FGO),
瑪爾塔_(FGO),
章魚娘,
列奧納多·達文西_(FGO),
羅曼尼·阿基曼,
仙士_(迷宮飯),
佐伊_(碧藍幻想),
布狄卡_(FGO),
千珏_(英雄聯盟),
羔羊_(英雄聯盟),
弗里斯克_(Undertale),
桑斯_(Undertale),
娜娜奇_(來自深淵),
松野長松,
松野智松,
松野一松,
松野十四松,
松野空松,
松野兎松,
阿希爾帕,
杉元佐一,
查拉_(Undertale),
亞爾托莉雅·潘德拉貢_(槍兵)_(FGO),
貞德・Alter_(復仇者)_(第三再臨)_(Fate),
菜月昴,
小糸裕,
七海燈子,
芙蕾雅·維翁,
美雲·桂妮梅爾,
米卡_(少女與戰車),
秋_(少女與戰車),
米克科_(少女與戰車),
瑞鶴改二_(艦隊收藏),
鳴神_(碧藍幻想),
克拉拉_(少女與戰車),
島田愛里壽,
嵐_(艦隊收藏),
萩風_(艦隊收藏),
大潮_(艦隊收藏),
美_(鬥陣英雄),
D.Va_(鬥陣英雄),
格拉夫·齊柏林_(艦隊收藏),
笠置_(艦隊收藏),
渡我被身子,
伊茲米,
鈴鹿御前_(Fate),
wa2000_(少女前線),
m16a1_(少女前線),
m4a1_(少女前線),
st_ar-15_(少女前線),
ump45_(少女前線),
春川真希,
k1-b0,
百田解斗,
kar98k_(少女前線),
宮水三葉,
洛克希·米格路迪亞,
艾莉絲·格雷拉特,
十六夜莉可,
范恩_(碧藍幻想),
春田_(少女前線),
內格夫_(少女前線),
朝日奈未來,
安蒂拉_(碧藍幻想),
靈幻新隆,
貝翠絲_(碧藍幻想),
四宮輝夜,
亞爾托莉雅・潘德拉貢_(槍兵Alter)_(Fate),
霞改二_(艦隊收藏),
薇爾莉特·艾佛加登,
hk416_(少女前線),
麋鹿_(獸娘動物園),
耳廓狐_(獸娘動物園),
獅子_(獸娘動物園),
初月_(艦隊收藏),
沖波_(艦隊收藏),
扎拉_(艦隊收藏),
m4_sopmod_ii_(少女前線),
mp40_(少女前線),
無名_(甲鐵城的卡巴內爾),
愛荷華_(艦隊收藏),
艾德蒙·丹特斯_(Fate),
槌子_(獸娘動物園),
法琳·陶德恩,
法琳·陶德恩_(長人),
寂雷鈴鹿_(賽馬娘),
特別週_(賽馬娘),
東海帝皇_(賽馬娘),
辻廉太,
弗洛倫斯·南丁格爾_(Fate),
梅芙_(Fate),
海倫娜·布拉瓦茨基_(Fate),
小栗帽_(賽馬娘),
庫·丘林〔Alter〕_(Fate),
波拉_(艦隊收藏),
嵐改二_(艦隊收藏),
9s_(尼爾：自動人形),
a2_(尼爾：自動人形),
白血球_(工作細胞),
士兵：76_(鬥陣特攻),
東北きりたん,
春風_(艦隊收藏),
清姬_(泳裝槍兵)_(Fate),
明智吾郎,
新島真,
奧村春,
佐倉雙葉,
茨木童子_(Fate),
木木枭,
木葉貓,
球球海獅,
莎蕾娜_(寶可夢),
伊緒_(寶可夢),
哈烏_(寶可夢),
古見硝子,
雛鶴愛,
空銀子,
酒吞童子_(Fate),
莉莉艾_(寶可夢),
田村由里,
希露菲耶特_(無職轉生),
時崎澪_(逆流茶會),
玄奘三藏_(Fate),
尼翁_(cookie),
千代田桃,
莉莉斯_(街角魔族),
吉田優子_(街角魔族),
朝潮改二_(艦隊收藏),
亞爾托莉雅·潘德拉貢_(Alter泳裝Rider)_(Fate),
吉爾·史汀雷,
源賴光_(Fate),
我妻善逸,
竈門炭治郎,
女主角_(寶可夢GO),
謎米雪,
灰熊mkv_(少女前線),
尼托克莉絲_(Fate),
音街羽奈,
G41_(少女前線),
艾姬多娜_(Re:從零開始的異世界生活),
市谷有沙,
蘭斯洛特_(Fate/Grand Order),
梅哲德_(Fate),
阿羅拉六尾,
蘇嘉蕾_(寶可夢),
莉莉艾_(寶可夢),
西獅海壬,
Z3馬克斯·舒爾茨_(泳裝模式)_(艦隊收藏),
卡琳娜_(少女前線),
斯卡哈_(泳裝Assassin)_(Fate),
莫德雷德_(泳裝Rider)_(Fate),
玉藻前_(泳裝Lancer)_(Fate),
瑪修·基列萊特_(永夏泳裝),
水無月_(艦隊收藏),
瑪爾塔_(泳裝Ruler)_(Fate),
庫辛基_(寶可夢),
阿基拉_(艦隊收藏),
沃斯派特_(艦隊收藏),
I-26_(艦隊收藏),
宵夜_(少女前線),
菱亞馬遜_(賽馬娘),
OTS-14_(少女前線),
ずんだもん,
哈桑王_(Fate),
G11_(少女前線),
UMP9_(少女前線),
Pod_(尼爾：自動人形),
露莎米奈_(寶可夢),
以太基金會員工,
格拉喬恩_(寶可夢),
岩狗狗,
安潔·羊永,
赤松楓,
川上貞代,
夢野秘密子,
浦波_(艦これ),
天海蘭太郎,
蘇米_(少女前線),
王馬小吉,
最原終一,
G36_(少女前線),
獄原權太,
茶柱轉子,
入間美兔,
白銀紬,
十條桐美,
星龍馬,
真宮寺是清,
尾形百之助,
琪亞娜·卡斯蘭娜_(白彗),
95式_(少女前線),
谷垣源次郎,
嘴平伊之助,
竈門禰豆子,
維克托·尼基弗洛夫,
勝生勇利,
尤里·普利塞茨基,
9A-91_(少女前線),
伊莉莎白·巴托莉_(勇敢)_(Fate),
瑪修·基列萊特_(危險野獸),
索姆芭_(鬥陣特攻),
希兒·芙樂艾,
科斯莫格,
東北伊塔子,
各務原撫子,
志摩凜,
朝風_(艦これ),
薩拉托加_(艦これ),
特塞_(艦これ),
山風_(艦これ),
內海惠美里,
聖女貞德·奧爾塔·聖誕莉莉_(Fate),
阿塞羅拉_(寶可夢),
伊什塔爾_(Fate),
美杜莎_(槍兵)_(Fate),
吉爾伽美什_(詠唱)_(Fate),
艾爾瑪_(小林家的龍女僕),
康娜·卡姆依,
露可亞_(小林家的龍女僕),
埃列什基伽勒_(Fate),
魁札爾·科亞特爾_(Fate),
提亞瑪特_(Fate),
指揮官_(少女前線),
小林_(小林家的龍女僕),
威爾羅德_mkii_(少女前線),
絆愛,
梅林_(Fate/Prototype),
玉置色葉,
宮本武藏_(Fate),
宮本武藏_(第三再臨)_(Fate),
女指揮官_(少女前線),
羅635_(少女前線),
米法,
根本雛,
深海墨族男孩,
妮基_(妮基),
加藤明日香,
保羅班揚_(Fate),
伊露露_(小林家的龍女僕),
甘露寺蜜璃,
浣熊_(獸娘動物園),
朱鷺_(獸娘動物園),
包包_(獸娘動物園),
神秘英靈X Alter_(Fate),
神秘英靈X Alter_(第一再臨)_(Fate),
沙貓_(獸娘動物園),
羊駝素莉_(獸娘動物園),
皇帝企鵝_(獸娘動物園),
王企鵝_(獸娘動物園),
小爪水獺_(獸娘動物園),
幸運獸_(獸娘動物園),
藤浪_(艦隊收藏),
灰狼_(獸娘動物園),
伊-13_(艦隊收藏),
伊-14_(艦隊收藏),
美洲豹_(獸娘動物園),
鞋嘴鵰_(獸娘動物園),
基蘭_(聖火降魔錄),
塞利恩_(獸娘動物園),
洪堡企鵝_(獸娘動物園),
阿比蓋爾·威廉姆斯_(Fate),
謝赫拉查德_(Fate),
北部白臉鴞_(獸娘動物園),
歐亞鵟鴞_(獸娘動物園),
貞德Alter_(新宿1999ver.)_(Fate),
Saber Alter_(新宿1999ver.),
詹姆斯·莫里亞蒂_(弓兵)_(Fate),
銀狐_(獸娘動物園),
川金絲猴_(獸娘動物園),
胡蝶忍,
非洲野犬_(獸娘動物園),
棕熊_(獸娘動物園),
褐長耳蝙蝠_(獸娘動物園),
郊狼_(獸娘動物園),
短吻豺_(獸娘動物園),
桑達爾馮_(碧藍幻想),
普雅,
藤原千花,
奧澤美咲,
青葉莫卡,
三竹蘭,
七海八千代,
特蕾莎·阿波卡利斯,
鶴槌心,
鈴谷改二_(艦隊收藏),
織田信勝_(Fate),
斯帕斯-12_(少女前線),
丸山彩,
拉娜的母親_(寶可夢),
卡莫伊_(艦隊收藏),
春日丸_(艦隊收藏),
甘古特_(艦隊收藏),
江登呂府_(艦隊收藏),
永恆幼蟲,
坂田內姆諾,
駒野阿恩,
拉菲_(碧藍航線),
湊友希那,
赤城_(碧藍航線),
氷川紗夜,
今井莉莎,
波動旋轉,
松原花音,
宇田川巴,
天野寺莉奈,
結城曆音,
中須霞,
宮下愛,
超級溪流_(賽馬娘),
黃金城市_(賽馬娘),
加賀_(碧藍航線),
綾波_(碧藍航線),
愛宕_(碧藍航線),
高雄_(碧藍航線),
企業_(碧藍航線),
伊莉莎白女王_(碧藍航線),
歐根親王_(碧藍航線),
歐根親王_(不凋微笑)_(碧藍航線),
標槍_(碧藍航線),
光輝_(碧藍航線),
山城_(碧藍航線),
櫻森香織,
夕立_(碧藍航線),
源賴光_(水著槍兵)_(fate),
白石紬,
哈曼_(碧藍航線),
宇崎花,
胡德_(碧藍航線),
饅頭_(碧藍航線),
平海_(碧藍航線),
Z23_(碧藍航線),
淺香花凛,
焰_(異度神劍),
雷克斯_(異度神劍),
卡蓮·卡斯蘭娜,
飯野彌子,
武則天_(fate),
艾爾德里奇_(碧藍航線),
犬山葵,
廣_(達令在弗蘭克斯),
二亞_(達令在弗蘭克斯),
瑪莉娜_(斯普拉遁),
寶莉娜_(斯普拉遁),
曼哈頓咖啡_(賽馬娘),
羅小黑,
安潔_(公主主要),
獨角獸_(碧藍航線),
尼祿·克勞狄烏斯_(水著詠唱)_(fate),
貝爾法斯特_(碧藍航線),
獸耳醬_(naga_u),
dsr-50_(少女前線),
安藤_(少女與戰車),
瑪麗_(少女與戰車),
押田_(少女與戰車),
符華,
尼托克麗絲_(水著暗殺者)_(fate),
亞爾托莉雅·潘德拉貢_(Alter水著騎士)_(第二再臨)_(fate),
小魚干_(斯普拉遁),
希佩爾上將_(碧藍航線),
明石_(碧藍航線),
德國_(碧藍航線),
克利夫蘭_(碧藍航線),
Z46_(碧藍航線),
法普塔,
指揮官_(碧藍航線),
黎塞留_(艦隊收藏),
旗風_(艦隊收藏),
薩古里_(艦隊收藏),
摩多羅終天,
矢田寺鳴海,
西田里乃,
帝英台麻衣,
皇家方舟_(艦隊收藏),
松輪_(艦隊收藏),
格拉夫齊柏林_(碧藍航線),
能天使_(明日方舟),
空_(明日方舟),
德克薩斯_(明日方舟),
上原姬麻莉,
大山真尋,
大山美春,
如月_(碧藍航線),
穗月楓,
艾瑪·維爾德,
上原步,
愛宕_(夏日行軍)_(碧藍航線),
涼月_(艦隊收藏),
人造人21號,
妮亞_(異度神劍),
五十嵐雙葉_(shiromanta),
武田春美_(shiromanta),
磷葉石_(宝石之國),
白鷺千紗都,
萊茵姆姆_(明日方舟),
翔鶴_(碧藍航線),
俾斯麥_(碧藍航線),
莫妮卡_(心跳文學部),
夏樹_(心跳文學部),
沙耶莉_(心跳文學部),
優里_(心跳文學部),
一二三_(darling_in_the_franxx),
阿米婭_(明日方舟),
陳_(明日方舟),
聖約_(明日方舟),
巴御前_(Fate),
瑞鶴_(碧藍航線),
中野三玖,
可可蘿_(公主連線),
蘆屋道滿_(Fate),
電腦少女詩呂,
仙狐_(世話燒狐仙狐さん),
弗洛倫斯·南丁格爾_(惡作劇or治療)_(Fate),
刑部姬_(Fate),
氷川雛,
御園花凜,
希米爾_(異度神劍),
凱爾希_(明日方舟),
聖路易_(碧藍航線),
火奴魯魯_(碧藍航線),
莫拉格·拉戴爾_(異度神劍),
對馬_(艦隊收藏),
佐渡_(艦隊收藏),
艾莉娜·格雷,
普瑞提絲_(明日方舟),
寂然_(明日方舟),
法月紅葉,
野乃花,
藥師寺紗綾,
拉維尼亞·惠特蕾_(Fate),
絆亞加莉,
綺爾凱_(Fate),
阿比蓋爾·威廉姆斯_(第三再臨)_(Fate),
扎巴尼亞_(東京放課後召喚術),
綾波_(改造)_(碧藍航線),
安潔拉_(Project Moon),
妮亞_(劍刃)_(異度神劍),
卡特拉斯_(少女與戰車),
輝夜露娜,
普紐瑪_(異度神劍),
科約斯卡亞_(Fate),
長波改二_(艦隊收藏),
依媛紫苑,
依媛浄苑,
葛飾北齋_(Fate),
時太郎_(Fate),
列奧納多·達文西_(騎乘)_(Fate),
阿娜斯塔西亞_(Fate),
維伊_(Fate),
卡爾多克·澤姆魯普斯,
日振_(艦隊收藏),
藤丸立香_(女性)_(極地迦勒底制服),
岡田以藏_(Fate),
龍萸_(Fate),
弗蘭卡_(明日方舟),
長門_(碧藍航線),
叢雨改二_(艦隊收藏),
月島始,
魔人安卓21,
貓娘_(鬼太郎第6期),
格拉夫·斯佩提督_(碧藍航線),
船長_(崩壞3),
時乃空,
ak-12_(少女前線),
an-94_(少女前線),
月之美兔,
卡布魯,
八宮巡,
風野灯織,
櫻木真乃,
小糸乙之進,
武藏改二_(艦隊收藏),
白瀨咲耶,
三峰結華,
月岡小金,
雪國霧子,
田中麻美美,
貓宮日向,
甘比爾灣_(艦隊收藏),
傑維斯_(艦隊收藏),
敵浮標_(艦隊收藏),
卡莎,
尾崎甘奈,
尾崎天華,
桑山千雪,
塔什干_(艦隊收藏),
無畏_(艦隊收藏),
濱波_(艦隊收藏),
靜香凛,
佩可莉姆_(公主連線!),
優樹_(公主連線!),
謝菲爾德_(碧藍航線),
月之美兔_(第一服裝),
鴿羽次,
凱露_(公主連線!),
樋口楓,
樋口楓_(第一服裝),
森野凜世,
園田千代子,
小宮果穗,
西條樹里,
有栖川夏葉,
沙蘭_(公主連線!),
a醬_(hololive),
8號特工_(斯普拉遁),
京子_(公主連線!),
藤丸立香_(男性)_(極地迦勒底制服),
中野五月,
中野四葉,
MDR_(少女前線),
物部阿麗斯,
森中風,
斯卡哈·斯卡蒂_(Fate),
拿破崙·波拿巴_(Fate),
凱紐斯_(Fate),
大場娜娜,
西城克勞蒂娜,
天道真耶,
斯卡哈_(穿刺兔)_(Fate),
訓練員_(賽馬娘),
劍持刀也,
艾爾康多帕薩_(賽馬娘),
象徵魯道夫_(賽馬娘),
目白多伯_(賽馬娘),
真夜頂槍_(賽馬娘),
黃金船_(賽馬娘),
法因美動_(賽馬娘),
妮斯自然_(賽馬娘),
中山慶典_(賽馬娘),
英真閃光_(賽馬娘),
阿格妮絲數位_(賽馬娘),
伏特加_(賽馬娘),
艾爾溝_(賽馬娘),
草上飛_(賽馬娘),
太基快車_(賽馬娘),
大和赤驥_(賽馬娘),
TM歌劇王_(賽馬娘),
成田布蘭_(賽馬娘),
富士奇蹟_(賽馬娘),
丸善斯基_(賽馬娘),
目白麥昆_(賽馬娘),
晴雲天空_(賽馬娘),
勝利獎券_(賽馬娘),
玉藻十字_(賽馬娘),
東仙喬丹_(賽馬娘),
春麗阿拉_(賽馬娘),
待兼福來_(賽馬娘),
聰明隼_(賽馬娘),
成田大進_(賽馬娘),
艾爾夏庫爾_(賽馬娘),
稻荷一號_(賽馬娘),
西野花_(賽馬娘),
美浦波本_(賽馬娘),
掃蕩東商_(賽馬娘),
琵琶早秀_(賽馬娘),
櫻花爆進王_(賽馬娘),
阿格妮絲塔奇翁_(賽馬娘),
名匠怒濤_(賽馬娘),
米浴_(賽馬娘),
愛慕維加_(賽馬娘),
庫倫醬_(賽馬娘),
國王光環_(賽馬娘),
中野二乃,
中野一花,
羅波子醬,
納都里沙那,
塞繆爾·B·羅伯茨_(艦隊收藏),
羅恩_(碧藍航線),
腓特烈大帝_(碧藍航線),
慎城朱音,
寶多六花,
吉斯萊恩·德朵爾迪亞,
時乃空_(初代服裝),
夜空梅露,
希兒_(異我),
虞美人_(fate),
叶_(nijisanji),
米爾可,
修女克蕾爾,
修女克蕾爾_(1st_costume),
瓦坎坦卡,
塔露拉_(arknights),
富岡義勇,
煉獄杏壽郎,
琪亞娜·卡斯蘭娜_(空之律者),
艾黛爾賈特·馮·赫雷斯維格,
貝雷特_(fire_emblem),
貝雷特_(男性)_(fire_emblem),
克勞德·馮·列根,
迪米特里·亞歷山大·布萊德,
白上吹雪,
白上吹雪_(1st_costume),
血小板_(工作細胞),
赤井心,
赤井心_(1st_costume),
朵奇鳥_(vtuber),
凱露_(夏季)_(princess_connect!),
佩可莉姆_(夏季)_(princess_connect!),
貞德_(泳裝弓兵)_(fate),
貞德_(泳裝弓兵)_(第一再臨)_(fate),
白露改二_(kancolle),
茲瑪_(arknights),
天龍改二_(kancolle),
布羅利_(dragon_ball_super),
女武神_(fate),
主人公3_(housamo),
沙蓮_(夏季)_(princess_connect!),
佐佐木咲,
佐佐木咲_(1st_costume),
讓·巴爾_(azur_lane),
馬薩諸塞_(azur_lane),
阿比蓋爾·威廉姆斯_(外出服)_(fate),
本間向日葵,
椎名唯華,
椎名唯華_(1st_costume),
貞德〔Alter〕_(泳裝狂戰士)_(fate),
貞德_(泳裝弓兵)_(第二再臨)_(fate),
BB_(泳裝月癌)_(fate),
BB_(泳裝月癌)_(第二再臨)_(fate),
神秘英靈XX_(fate),
BB_(泳裝月癌)_(第三再臨)_(fate),
魔界之莉莉姆,
葛葉_(nijisanji),
高宮理音,
伊芙利特_(明日方舟),
薩莉亞_(明日方舟),
亞基·羅森塔爾,
百鬼綾目,
百鬼綾目_(第一套服裝),
焰_(職業泳裝)_(異度神劍),
夏色祭,
夏色祭_(第一套服裝),
栗花落香奈乎,
柚月巧克,
柚月巧克_(第一套服裝),
湊阿庫婭,
湊阿庫婭_(第一套服裝),
拉普蘭德_(明日方舟),
岸波_(艦隊收藏),
黑神風吹,
龍膽美琴,
紫咲詩音,
紫咲詩音_(第一套服裝),
哥特蘭_(艦隊收藏),
納爾遜_(艦隊收藏),
C.B.先生_(賽馬娘),
愛宕_(驚艷飛車手)_(碧藍航線),
大鳳_(碧藍航線),
大鳳_(禁斷之果)_(碧藍航線),
霍克斯_(我的英雄學院),
鮑塞特,
卯月沙耶香,
國王鬼公主,
紫崎美世,
岡朝日,
水原千鶴,
潘妮·帕克,
今野純子,
源櫻,
水野愛,
二階堂紗希,
麗塔·羅斯薇瑟,
加洛·提摩斯,
後藤一里,
周防帕特拉,
克里斯_(德爾塔魯恩),
博士_(明日方舟),
大空昴,
大空昴_(第一套服裝),
早坂愛,
P90_(少女前線),
尼莫船長_(Fate),
尼莫_(Fate),
光_(大規模近戰)_(異度神劍),
精衛_(鳥),
大神澪,
大神澪_(第一套服裝),
布拉達曼特_(Fate),
宇津美艾莉思,
羽衣菈菈,
星奈光,
果凍_(明日方舟),
辻野明里,
上杉風太郎,
天鷹_(碧藍航線),
約翰斯頓_(艦隊收藏),
峰雲_(艦隊收藏),
卡芙_(神椿工作室),
紅焔,
姬坂乃愛,
星野日向,
星野都_(天使降臨),
白崎花,
砂塚晶,
大空昴_(鴨),
宇崎月,
天狼星_(碧藍航線),
艾雅法拉_(明日方舟),
利奧·弗迪亞,
紫式部_(Fate),
夢見理亞姆,
杜蘭達爾_(崩壞3rd),
貝雷絲_(女)_(火焰紋章),
幽靈_(Apex英雄),
索提斯_(火焰紋章),
多洛蒂婭·阿爾諾特,
M200_(少女前線),
叩叩猴,
炎兔,
唬唬泡泡,
瑪俐_(精靈寶可夢),
優_(精靈寶可夢),
黑崎千紗,
白雪千代,
時雨羽衣_(VTuber),
時雨羽衣_(VTuber)_(第一套服裝),
櫻巫女,
電次_(鏈鋸人),
瑪奇瑪_(鏈鋸人),
牧川宇そ,
黛冬子,
芹澤朝日,
泉芽衣,
喵喵_(鏈鋸人),
帕瓦_(鏈鋸人),
阿茲姬_(hololive),
芳澤霞,
戌井十子,
安琪·卡特琳娜,
安琪·卡特琳娜_(第一服裝),
莉澤·赫萊斯塔,
塞巴斯蒂安·皮約多雷,
迦摩_(Fate),
迦摩_(第一昇華)_(Fate),
羅莎莉婭·奧連涅瓦,
久川隼,
久川凪,
戌神沁音,
戌神沁音_(第一服裝),
貓又小粥,
貓又小粥_(第一服裝),
拉皮_(勝利女神：妮姬),
島風_(碧藍航線),
安潔莉娜_(明日方舟),
鈴原露露,
菲特_(明日方舟),
丹枳良來,
牛崎潤美,
紅_(明日方舟),
圍攻_(明日方舟),
希爾達·瓦倫丁·貢內爾,
普拉曼尼克斯_(明日方舟),
波奇塔_(鏈鋸人),
費利克斯·雨果·弗拉爾迪留斯,
潔西卡_(明日方舟),
科羅拉多_(艦隊收藏),
佛萊徹_(艦隊收藏),
銀灰_(明日方舟),
斯佩克特_(明日方舟),
蕾莎琳·史托特,
鉑金_(明日方舟),
貝爾納黛塔·馮·瓦爾萊,
星熊_(明日方舟),
莉希忒澤·馮·奧德利亞,
德克薩斯_(冬日使者)_(明日方舟),
五條悟,
伏黑惠,
虎杖悠仁,
釘崎野薔薇,
七海建人,
乙骨憂太,
兩面宿儺_(咒術迴戰),
禪院真希,
星街彗星,
藍毒_(明日方舟),
蘇葵娜_(寶可夢),
斯卡蒂_(明日方舟),
霍巴_(寶可夢),
毛毛羊,
黎歐_(寶可夢),
洛托姆手機,
天狼星_(熾熱天狼星)_(碧藍航線),
安妮特·范廷·多米尼克,
梅爾賽德絲·馮·馬爾特茲,
瓦特森_(Apex英雄),
奧克坦_(Apex英雄),
露璃娜_(寶可夢),
華法琳_(明日方舟),
蕾雅_(火焰紋章),
瑪麗安·馮·艾德蒙,
來電汪,
喜多川海夢,
姫野_(鏈鋸人),
惡毒_(碧藍航線),
英格麗德·布蘭德爾·嘉拉提亞,
芭芭拉_(原神),
席爾溫·喬斯·戈提耶,
山田安娜,
妮伊·索希艾爾,
埃梅特-賽爾克,
格拉哈·蒂亞,
神里綾華_(原神),
阿妮亞_(間諜過家家),
黃昏_(間諜過家家),
約爾·布萊爾,
霜葉_(明日方舟),
礫_(明日方舟),
耀_(明日方舟),
彩_(寶可夢),
阿利斯_(寶可夢),
胖甜妮,
星街彗星_(1st_costume),
夜見莉娜,
博士冬木,
35p_(櫻巫女),
加維爾_(明日方舟),
沖田總司_(Fate),
兔田佩克拉,
兔田佩克拉_(1st_costume),
咚醬_(兔田佩克拉),
星熊_(明日方舟),
潤羽露西亞,
潤羽露西亞_(1st_costume),
影森美知留,
巴爾的摩_(碧藍航線),
安柏_(原神),
開悟貝雷特_(女性),
亞爾斯_阿爾瑪,
大空昴_(工作服),
宮本武藏_(泳裝狂戰士)_(Fate),
宮本武藏_(泳裝狂戰士)_(第二再臨)_(Fate),
不知火弗蕾,
白銀濃艾爾,
白銀濃艾爾_(第一套服裝),
寶鐘瑪琳,
寶鐘瑪琳_(第一套服裝),
瑪俐_(寶可夢),
貝德_(寶可夢),
魩兒鬚,
魩兒鬚_(飽食形態),
鬼蝶八重,
埴安神珪姫,
黑駒薩騎,
十東宮真弓,
洗衣龍娘,
梅爾特莉莉絲_(泳裝槍兵)_(Fate),
梅爾特莉莉絲_(泳裝槍兵)_(第一再臨)_(Fate),
亞爾托莉雅·潘德拉貢_(泳裝統治者)_(Fate),
亞爾托莉雅·潘德拉貢_(泳裝統治者)_(第一再臨)_(Fate),
貓又小粥_(便服),
天宮心,
梅爾特莉莉絲_(泳裝槍兵)_(第二再臨)_(Fate),
法琳·陶恩_(奇美拉),
斯瓦茲_(明日方舟),
巴夏_(碧藍航線),
煌_(明日方舟),
格雷卡萊_(艦隊收藏),
員工_(Project Moon),
小雞_(Project Moon),
雅努斯_(艦隊收藏),
優妮_(公主連線！),
光華_(碧藍航線),
克蘿艾_(公主連線！),
動希醬_(動希醬),
扎拉_(碧藍航線),
扎拉_(池畔邂逅)_(碧藍航線),
克洛斯_(明日方舟),
大鳳_(傾心伴侶)_(碧藍航線),
阿斯特西亞_(明日方舟),
默爾特_(明日方舟),
數科哉哉,
市川京太郎,
隊長_(獸娘動物園),
細語_(明日方舟),
剛_(寶可夢),
查莉·晨星,
蕾澤_(鏈鋸人),
W_(明日方舟),
星川莎拉,
星川莎拉_(第一套服裝),
馬加蘭_(明日方舟),
柊歌種,
魔愛·貝瑟,
派恩_(轟炸女孩),
慕爾賽斯_(明日方舟),
東山科貝妮,
一之瀨羽葉,
婭鬼瑪_(寶可夢),
星乃一歌_(世界計畫),
花里實乃梨_(世界計畫),
毒貝比_(寶可夢),
荔枝_(寶可夢),
莫斯提馬_(明日方舟),
萊茵_(寶可夢),
涅歐_(寶可夢),
閃焰王牌_(寶可夢),
奧野田美依,
阿斯托爾福_(saber)_(Fate),
莉芙_(懲戒灰鴉),
神州丸_(艦隊收藏),
珀斯_(艦隊收藏),
白雪巴,
亞特蘭大_(艦隊收藏),
櫻巫女_(第一套服裝),
苇_(明日方舟),
露西婭_(懲戒灰鴉),
維迦拉_(碧藍幻想),
能代_(碧藍航線),
大神澪_(便服),
佩可夢_(兔田佩克拉),
花寺乃朵香,
角卷瓦特梅,
角卷瓦特梅_(第一套服裝),
天音かなた,
天音かなた_(第一套服裝),
桐生可可,
桐生可可_(第一套服裝),
比比_(常闇托瓦),
常闇托瓦,
姫森露娜,
姫森露娜_(第一套服裝),
米斯倫,
霜星_(明日方舟),
楊貴妃_(Fate),
楊貴妃_(第二次昇華)_(Fate),
常暗托瓦_(第一套服裝),
洪_(明日方舟),
年_(明日方舟),
RPK-16_(少女前線),
AK-15_(少女前線),
克拉兒_(寶可夢),
小舞_(斗羅大陸),
黛朵_(碧藍航線),
天狼星_(蒼穹地平線)_(碧藍航線),
男博士_(明日方舟),
符華_(蒼穹帝蕾婭),
高崎優,
琴_(原神),
清少納言_(Fate),
芙倫_E_盧斯塔里奧,
達米安·戴斯蒙德,
早川秋,
追憶之殤_(碧藍航線),
塔什干_(碧藍航線),
塞貝_(明日方舟),
貓_(湊阿庫婭),
宴_(明日方舟),
澀谷香音,
風笛_(明日方舟),
樋口円華,
布列梅頓_(碧藍航線),
淺倉透,
市川雛菜,
福丸小糸,
布列梅頓_(灼熱訓練)_(碧藍航線),
天使惡魔_(鏈鋸人),
多莉_(原神),
可莉_(原神),
史萊姆_(原神),
古城安娜,
龍ヶ崎麗音,
獅子王克莉絲,
行秋_(原神),
熒_(原神),
邦德_(間諜過家家),
派蒙_(原神),
阿雲達·里蘇,
紺鹿納穗,
霍希諾瓦·穆娜,
艾拉妮·愛歐菲汀,
山姆_(明日方舟),
天馬咲希,
宵崎奏,
雷歐納·金斯卡萊爾,
斑比諾_(明日方舟),
星野露比,
弗洛伊德·利奇,
玉·利奇,
特蕾西亞_(明日方舟),
桐谷春香,
天馬司,
大鳥胡桃,
草薙寧々,
神代類,
梔沢こはね,
白石杏,
青柳冬夜,
東雲彰人,
朝比奈真冬,
東雲絵名,
秋山瑞希,
鍋巴_(原神),
香菱_(原神),
拉普蘭_(精煉恐夢獸)_(明日方舟),
菲亞梅塔_(明日方舟),
迪盧克_(原神),
全希_(鏈鋸人),
尤妮克忒斯_(明日方舟),
林_(明日方舟),
南夢,
優_(扭曲仙境),
無羨_(羅小黑戰記),
嵐千砂都,
葉月蓮,
希安娜·菫,
唐可可,
路西法·晨星_(哈茲賓酒店),
莫德斯_(地獄使者),
阿妮斯菲亞·馮·帕蕾蒂亞,
優菲莉亞·真紅,
塞爾貝魯斯_(地獄使者),
阿薩茲勒_(地獄使者),
路西法_(地獄使者),
賈斯蒂斯_(地獄使者),
審判_(地獄使者),
瑪莉娜_(地獄使者),
地獄使者_(角色),
湊阿庫婭_(水手服),
羅斯蒙蒂斯_(明日方舟),
羅莎_(明日方舟),
異世界情調,
聖路易_(奢華之輪)_(碧藍航線),
潤羽露西亞_(第三服裝),
諾貝塔,
麗莎_(原神),
雷電芽衣_(雷之律者),
羅小黑_(人類),
三船紫織子,
甚兵衛_(艦隊收藏),
克里普托_(Apex英雄),
南達科他_(艦隊收藏),
星街彗星_(校服),
大和_(海賊王),
柴郡_(碧藍航線),
鈴蘭_(明日方舟),
貝雷絲_(女性)_(夏裝)_(聖火降魔錄),
寶鐘瑪琳_(夏裝),
大黃蜂_(艦隊收藏),
諾艾爾_(原神),
珀爾修斯_(碧藍航線),
菲謝爾_(原神),
笨拙修女_(diva),
辣修女_(diva),
愛莉_(蔚藍檔案),
亞莉絲_(蔚藍檔案),
阿洛娜_(蔚藍檔案),
阿魯_(蔚藍檔案),
綾音_(蔚藍檔案),
千夏_(蔚藍檔案),
晴_(蔚藍檔案),
日富美_(蔚藍檔案),
雛_(蔚藍檔案),
星野_(蔚藍檔案),
土居伊吹_(蔚藍檔案),
五十鈴依織_(蔚藍檔案),
調月伊呂波_(蔚藍檔案),
虎居純子_(蔚藍檔案),
鬼方香世子_(蔚藍檔案),
間宮和紗_(蔚藍檔案),
霧宮霧羅_(蔚藍檔案),
翠_(蔚藍檔案),
桃井_(蔚藍檔案),
睦月_(蔚藍檔案),
夏目_(蔚藍檔案),
野宮諾亞_(蔚藍檔案),
野宮諾諾美_(蔚藍檔案),
芹香_(蔚藍檔案),
白子_(蔚藍檔案),
吉見吉美_(蔚藍檔案),
優香_(蔚藍檔案),
鐵鼠,
芙莉蓮,
雪華拉姆尼,
雪華拉姆尼_(初代衣裝),
桃鈴寧寧,
獅白牡丹,
獅白牡丹_(第一套衣裝),
尾丸波爾卡,
尾丸波爾卡_(第一套衣裝),
斯卡蒂_(乘浪者)_(明日方舟),
蛙修女_(歌姬),
荊棘_(明日方舟),
亞爾托莉雅_(卡斯特)_(Fate),
亞爾托莉雅_(卡斯特)_(第二再臨)_(Fate),
兔兔男爵_(原神),
殺生院祈荒_(泳裝月癌),
羅莎_(未定事件簿),
阿比蓋爾・威廉姆斯_(泳裝異星神)_(Fate),
阿比蓋爾・威廉姆斯_(泳裝異星神)_(第三再臨)_(Fate),
巴御前_(泳裝劍士)_(Fate),
當麻美美_(明日方舟),
泥岩_(明日方舟),
椿_(蔚藍檔案),
蘇爾滸_(明日方舟),
重雲_(原神),
不知火芙拉_(第一套衣裝),
凝光_(原神),
費倫_(葬送的芙莉蓮),
船員_(我們之中),
加烏魯・古拉,
加烏魯・古拉_(第一套衣裝),
莫里・卡利歐佩,
莫里・卡利歐佩_(第一套衣裝),
尼諾梅・伊娜尼斯,
尼諾梅・伊娜尼斯_(第一套衣裝),
小鳥遊琪亞拉,
小鳥遊琪亞拉_(第一套衣裝),
華生・愛蜜莉亞,
華生・愛蜜莉亞_(第一套衣裝),
蒼醬_(尼諾梅・伊娜尼斯),
布魯普_(加烏魯・古拉),
信濃_(碧藍航線),
香椎_(碧藍航線),
香椎_(溫泉休憩)_(碧藍航線),
章魚朋友_(尼諾梅・伊娜尼斯),
溫迪_(原神),
丘丘人_(原神),
柯萊_(原神),
凱亞_(原神),
七七_(原神),
刻晴_(原神),
莫娜_(原神),
空_(蔚藍檔案),
克萊夫・羅斯菲爾德,
空_(原神),
雷澤_(原神),
巴布_(華生梅莉),
北斗_(原神),
春華_(蔚藍檔案),
跳躍蛋蛋,
魈_(原神),
鍾離_(原神),
奧茲_(原神),
砂糖_(原神),
鞭笞_(明日方舟),
水晶蝶_(原神),
桃鈴ねね_(第一套衣裝),
班尼特_(原神),
達達利亞_(原神),
甘雨_(原神),
希梅爾_(葬送的芙莉蓮),
白銀諾艾爾_(便服),
泥岩_(菁英二)_(明日方舟),
德克薩斯_(意志)_(明日方舟),
山_(明日方舟),
小阿梅,
史塔克_(葬送的芙莉蓮),
克萊恩·莫雷蒂,
阿子_(蔚藍檔案),
阿梅醬_(尼迪女孩過量),
超絕才川天使醬,
迪奧娜_(原神),
雲菫_(原神),
鍾蘭竹,
梵谷_(Fate),
星街彗星_(便服),
米婭·泰勒,
夏油傑,
符華_(知性律者),
紫咲詩音_(哥德蘿莉塔),
胡桃_(原神),
女士_(原神),
散兵_(原神),
東堂葵_(咒術迴戰),
橘雛乃_(VTuber),
伏黑甚爾,
島狐_(獸娘動物園),
阿妮婭·梅爾菲薩,
庫蕾姬·奧莉,
庫蕾姬·奧莉_(第一套衣裝),
帕沃利亞·蕾妮,
春奈_(蔚藍檔案),
常闇托哇_(地雷系),
瑶瑶_(原神),
,ibuki_douji_(fate)
,albedo_(genshin_impact)
,pekomama
,kanou_aogu
,nayuta_(chainsaw_man)
,fuuka_(blue_archive)
,rosaria_(genshin_impact)
,natsuumi_manatsu
,laura_la_mer
,atou_haruki
,boo_tao_(genshin_impact)
,roland_(project_moon)
,niko_(blue_archive)
,wakamo_(blue_archive)
,aubrey_(faraway)_(omori)
,aubrey_(omori)
,serina_(blue_archive)
,hasumi_(blue_archive)
,tsurugi_(blue_archive)
,koharu_(blue_archive)
,fallenshadow
,asuna_(blue_archive)
,lokulo-chan_(lokulo_no_mawashimono)
,akane_(blue_archive)
,karin_(blue_archive)
,satono_diamond_(umamusume)
,hero_(headspace)_(omori)
,hero_(omori)
,neru_(blue_archive)
,maki_(blue_archive)
,kotori_(blue_archive)
,hibiki_(blue_archive)
,eimi_(blue_archive)
,azusa_(blue_archive)
,hanae_(blue_archive)
,mashiro_(blue_archive)
,houjou_tokiyuki_(nige_jouzu_no_wakagimi)
,chando_(ado)
,dusk_(arknights)
,saga_(arknights)
,twin_turbo_(umamusume)
,matikane_tannhauser_(umamusume)
,chise_(blue_archive)
,shun_(blue_archive)
,rin_(blue_archive)
,ikuno_dictus_(umamusume)
,omori_(omori)
,alisa_mikhailovna_kujou
,sensei_(blue_archive)
,basil_(faraway)_(omori)
巴茲爾_(omori),
佩羅羅_(blue_archive),
桑尼_(omori),
大宅赫利俄斯_(umamusume),
喜多三黑_(umamusume),
柚子_(blue_archive),
宮川高嶺,
伊豆奈_(blue_archive),
有馬加奈,
星野碧,
黑川朱音,
星野愛,
蕾伊_(pokemon),
光莉_(pokemon),
伊織_(泳裝)_(blue_archive),
櫻巫女_(便服),
托馬_(genshin_impact),
優菈_(genshin_impact),
煙緋_(genshin_impact),
五德寺米可,
敦子_(blue_archive),
花子_(blue_archive),
日向_(blue_archive),
日和_(blue_archive),
真琴_(blue_archive),
真理_(blue_archive),
美香_(blue_archive),
美咲_(blue_archive),
渚_(blue_archive),
櫻子_(blue_archive),
沙織_(blue_archive),
貓又小粥_(寬鬆襯衫),
明田美琴,
七草日果,
T頭訓練員_(umamusume),
斑鳩盧卡,
凱爾_(頭腦空間)_(omori),
凱爾_(omori),
格溫_(league_of_legends),
莫莉凱莉歐佩_(街頭服),
目白帕爾默_(umamusume),
女性訓練員_(umamusume),
八重神子,
目白阿爾丹_(umamusume),
黃金輝光_(arknights),
ssrb_(獅白牡丹),
侵蝕之心斯卡蒂_(arknights),
藍毒_(潮汐律動)_(arknights),
格蕾迪娅_(arknights),
楓原萬葉,
緋奈_(睡衣)_(蔚藍檔案),
時雨_(蔚藍檔案),
小鳥遊基阿拉_(便服),
姬蟲桃代,
管卷司,
飯綱丸巡,
天弓千亦,
九前伊納尼斯_(便服),
天音彼方_(工作服),
豪爾古拉_(便服),
某物_(OMORI),
艾莉拉·潘朵拉,
艾莉拉·潘朵拉_(第一服裝),
菲娜娜·龍宮,
佩特拉·格林,
波姆·蕾恩帕夫,
羅瑟蜜·洛夫洛克,
雪莉·塔茨基,
維納特_(最終幻想14),
伊琳_(明日方舟),
白子_(泳裝)_(蔚藍檔案),
塗鴉老師_(蔚藍檔案),
櫻千野奧_(賽馬娘),
巴西爾_(頭腦空間)_(OMORI),
英雄_(遠方)_(OMORI),
瑪莉_(遠方)_(OMORI),
瑪莉_(OMORI),
新澤西_(碧藍航線),
昆布_(白上吹雪),
西婭_(蔚藍檔案),
奧布蕾_(頭腦空間)_(OMORI),
九條裟羅,
雷電將軍,
緋奈_(泳裝)_(蔚藍檔案),
宵宮_(原神),
早柚_(原神),
五郎_(原神),
瑪蓮妮亞米凱拉之刃,
芭歐班·西斯_(Fate),
芭歐班·西斯_(第一再臨)_(Fate),
巴爾蓋斯特_(Fate),
奧貝隆_(Fate),
梅莉辛_(Fate),
奧古斯特·馮·帕塞瓦爾_(碧藍航線),
艾吉爾_(碧藍航線),
褪色者_(艾爾登法環),
星野_(1年級)_(蔚藍檔案),
珊瑚宮心海,
天狼星希寶利_(賽馬娘),
雲菫_(原神),
申鶴_(原神),
琪亞娜_卡斯蘭娜_(炎之律者),
日富美_(泳裝)_(蔚藍檔案),
艾莉絲_(hololive),
愛莉希雅_(崩壞3rd),
愛莉希雅_(粉紅精靈小姐)_(崩壞3rd),
矢名安娜,
凱森,
萊恩_帕特森,
瑞桂_(明日方舟),
藍羽_(明日方舟),
伽利恩_(碧藍幻想),
莫比烏斯_(崩壞3rd),
磯井令二,
奧伯龍_(第三再臨)_(Fate),
宇津木典行,
八雲紅,
高倉健_(丹丹丹),
塞爾努諾斯_(Fate),
楓_(蔚藍檔案),
塞蕾斯_法娜,
塞蕾斯_法娜_(第一套服裝),
羽子洛_貝爾茲,
七詩命,
歐若_克隆妮,
九十九真奈,
歐若_克隆妮_(第一套服裝),
羽子洛_貝爾茲_(第一套服裝),
九十九真奈_(第一套服裝),
友人_(七詩命),
斯奎克斯先生_(羽子洛_貝爾茲),
七詩命_(第一套服裝),
瑪莉_(腦內世界)_(OMORI),
小小菜_(蔚藍檔案),
切里乃_(蔚藍檔案),
康特迪卡武爾_(艦隊收藏),
瞬_(小型)_(蔚藍檔案),
綾瀬桃,
獅白牡丹_(鈕扣襯衫),
八重神子_(狐),
初鳥一,
神里綾人,
迦樓羅_(泳裝復仇者)_(Fate),
吹雪_(蔚藍檔案),
散兵_(歌舞伎之介)_(原神),
凱爾_(遙遠)_(OMORI),
惡毒_(慵懶兔子)_(碧藍航線),
相澤惠麻,
布洛妮婭_扎伊切克_(銀翼：N-EX),
船田樹斗,
寧兒_(兔女郎)_(蔚藍檔案),
明日奈_(兔女郎)_(蔚藍檔案),
花琳_(兔女郎)_(蔚藍檔案),
茜_(兔女郎)_(蔚藍檔案),
小雪_(蔚藍檔案),
阿蕾茲_(寶可夢),
布洛妮婭·贊德,
遠藤靈夢,
艾娜·阿露艾特,
小坂妮娜,
蜜莉·帕菲,
三月七_(崩壞：星穹鐵道),
三月七_(存護)_(崩壞：星穹鐵道),
姬子_(崩壞：星穹鐵道),
希兒_(崩壞：星穹鐵道),
荒瀧一斗,
女老師_(蔚藍檔案),
托特茨優馬,
丹恒_(崩壞：星穹鐵道),
丹恒_(巡獵)_(崩壞：星穹鐵道),
正義執行委員會成員_(蔚藍檔案),
足立麗,
維_(電玩魔法狂人),
梅琳娜_(艾爾登法環),
賽諾_(原神),
金克斯_(電玩魔法狂人),
愛麗斯_(妮姬),
阿妮斯_(妮姬),
緋丸_(蔚藍檔案),
塞奧多·里德爾,
目白布萊特_(賽馬娘),
白井小夜里,
白井小夜里_(第一衣裝),
風真伊呂波,
風真伊呂波_(第一衣裝),
La+黑暗s,
La+黑暗s_(第一衣裝),
沙花叉·克萝艾,
沙花叉·克萝艾_(第一衣裝),
鷹嶺露依,
鷹嶺露依_(第一衣裝),
烏鴉_(La+黑暗s),
歐堤斯_(邊獄公司),
紅鹿_(邊獄公司),
琳妮特_(原神),
林尼_(原神),
極光_(明日方舟),
凱留斯_(崩壞：星穹鐵道),
開拓者_(崩壞：星穹鐵道),
瓦羅_(寶可夢),
伊魯伊莎_(寶可夢),
亞當_(寶可夢),
艾克·伊夫蘭德,
盧卡·金城,
沃克斯·阿庫瑪,
兔田佩克拉_(便服),
烏爾里希·馮·胡滕_(碧藍航線),
歐洛·克隆妮_(便服),
女王德拉科_(Fate),
刻晴_(富貴榮華)_(原神),
格雷戈爾_(普羅杰克特·穆恩),
羅迪恩_(普羅杰克特·穆恩),
辛克萊_(普羅杰克特·穆恩),
異向_(普羅杰克特·穆恩),
以實瑪利_(普羅杰克特·穆恩),
希斯克里夫_(普羅杰克特·穆恩),
堂吉訶德_(普羅杰克特·穆恩),
旅愁_(普羅杰克特·穆恩),
梅爾索_(普羅杰克特·穆恩),
浮士德_(普羅杰克特·穆恩),
但丁_(邊獄公司),
索內托_(逆:1999),
影心_(博德之門),
納戈米結衣,
維爾汀_(逆:1999),
羽澄_(田徑服)_(蔚藍檔案),
鈴海_(明日方舟),
宮子_(蔚藍檔案),
美優_(蔚藍檔案),
鏡千尋_(蔚藍檔案),
空井沙季_(蔚藍檔案),
薩月_(蔚藍檔案),
芹香_(泳裝)_(蔚藍檔案),
優香_(田徑服)_(蔚藍檔案),
星野_(泳裝)_(蔚藍檔案),
成田頂路_(賽馬娘),
原田盡睦,
希爾_(火焰紋章),
妮妮_(異度神劍),
米奧_(異度神劍),
夜蘭_(原神),
羽依_(蔚藍檔案),
白子_(恐怖)_(蔚藍檔案),
格蘭謝瓦_(賽馬娘),
阿斯頓馬詹_(賽馬娘),
櫻花月桂_(賽馬娘),
野乃美_(泳裝)_(蔚藍檔案),
久岐忍,
新葉喵,
鴨鴨龍,
呆火鱷,
弗洛連_(寶可夢),
茱莉安娜_(寶可夢),
蕾娜菈妮,
冬月_(艦隊收藏),
銀城之優雅迷宮,
阿波尼亞_(崩壞3),
米凱拉_(艾爾登法環),
波姆_(崩壞：星穹鐵道),
薩菲羅斯_(危機永存),
珈樂·柯瓦爾斯基婭,
科波·卡納艾魯,
維斯提亞·潔塔,
萌_(蔚藍檔案),
井之上瀧奈,
西木希千紗都,
令嬢_(蔚藍檔案),
蘇萊塔·墨丘利,
烏塔_(航海王),
希爾茲_(女性)_(火焰紋章),
一二三二華,
山田涼,
喜多郁代,
小片神奈_(蔚藍檔案),
解縛幽靈鯊_(明日方舟),
妮斯妮緹娜_(Run&Win)_(賽馬娘),
若叶詩季,
花歩_(蔚藍檔案),
科帕諾里基_(賽馬娘),
谷野吉姆雷_(賽馬娘),
象徵克莉絲S_(賽馬娘),
卡芙卡_(崩壞：星穹鐵道),
銀狼_(崩壞：星穹鐵道),
阿米莉安_(絕區零),
安比·德瑪拉,
妮可·德瑪拉,
星見雅,
科林·威克斯,
馮·萊卡恩,
鹿野院平藏,
黑塔_(崩壞：星穹鐵道),
蒼角_(絕區零),
不倦_(碧藍航線),
百萬天滿原莎洛姆,
百萬天滿原莎洛姆_(第一服裝),
歐斯_(絕區零),
奧拉_(葬送的芙莉蓮),
烏貝爾_(葬送的芙莉蓮),
宇津見咲_(泳裝)_(蔚藍檔案),
史黛菈_(崩壞：星穹鐵道),
妮莫_(寶可夢),
貝爾_(絕區零),
艾爾斯特_(Signalis),
維爾圖奧薩_(明日方舟),
米奧莉內·藍姆蘭,
若狹_(泳裝)_(蔚藍檔案),
景元,
曙_(女)_(火焰紋章),
曙_(火焰紋章),
提納里_(原神),
迪希雅_(原神),
艾爾海森_(原神),
納西妲_(原神),
妮露_(原神),
胡歐萊亞克_(明日方舟),
女流浪者_(鳴潮),
流浪者_(鳴潮),
阿蕾奇諾_(原神),
科倫比娜_(原神),
夜_(鏈鋸人),
三鷹亞紗,
肉肉米庫,
刃_(崩壞：星穹鐵道),
伊豆奈_(泳裝)_(蔚藍檔案),
霞_(蔚藍檔案),
大胆戰術_(閃耀！賽馬娘),
霍科塔魯馬埃_(閃耀！賽馬娘),
伊緹斯亞_(人之律者：自我)_(崩壞3),
大衛·馬丁內斯,
露西_(賽博朋克),
麗貝卡_(賽博朋克),
佩妮_(寶可夢),
格魯沙_(寶可夢),
阿爾凡_(寶可夢),
賢_(絕區零),
波茲約姆卡_(明日方舟),
蘇爾滔_(絢麗仙境)_(明日方舟),
夢_(蔚藍檔案),
一花_(蔚藍檔案),
弗萊_(斯普拉遁),
希芙_(斯普拉遁),
流浪者_(原神),
阿蘭那拉_(原神),
亞莉絲_(女僕)_(蔚藍檔案),
坎蒂絲_(原神),
響_(啦啦隊)_(蔚藍檔案),
流螢_(崩壞：星穹鐵道),
蕾莎_(蔚藍檔案),
花栗鼠_(動物朋友),
奇麻_(寶可夢),
鈴蘭_(春之讚美)_(明日方舟),
武藏_(碧藍航線),
卡維_(原神),
阿萊爾_(男性)_(火焰紋章),
伊薇_(火焰紋章),
塞琳_(火焰紋章),
萊依拉_(原神),
塞莉莉亞_多特,
春奈_(田徑)_(蔚藍檔案),
妮濃_(寶可夢),
凱_(蔚藍檔案),
真理_(田徑)_(蔚藍檔案),
藤島惠,
火之下火乃,
村野沙耶加,
大澤瑠璃乃,
音宗梢,
夕霧綴,
德克薩斯_the_omertosa_(明日方舟),
贖罪者_(明日方舟),
米芝_(異星舞台),
斯瓦_(異星舞台),
法米_(鏈鋸人),
法爾珊_(原神),
目白拉蒙努_(賽馬娘),
伊地知星歌,
指揮官_(勝利女神：妮姬),
廣井きくり,
瑪夏多_(寶可夢),
理緒_(蔚藍檔案),
時_(蔚藍檔案),
莉可_(寶可夢),
帕桑,
波妮_(寶可夢),
散兵_(貓)_(原神),
局長_(往日之影),
女性局長_(往日之影),
莉可_(寶可夢),
男性流浪者_(鳴潮),
特諾奇特蘭_(Fate),
特茲卡特利波卡_(Fate),
琪亞娜·卡斯蘭娜_(終焉律者),
時雨改三_(艦隊收藏),
尤娜卡_(火焰紋章),
加維斯_貝特爾,
神里綾華_(春華繽紛)_(原神),
虹丘真白,
娜維婭_(原神),
芙寧娜_(原神),
天空天使,
空晴渡,
聖揚羽,
崇岳_(明日方舟),
毒蛇_(勝利女神妮姬),
篠宮冬美,
貴前_(蔚藍檔案),
停雲_(崩壞：星穹鐵道),
翠_(女僕)_(蔚藍檔案),
桃依_(女僕)_(蔚藍檔案),
叢林口袋_(賽馬娘),
符玄_(崩壞：星穹鐵道),
不屈_(碧藍航線),
桂木艾斯_(賽馬娘),
新宇宙_(賽馬娘),
菱光奇蹟_(賽馬娘),
普拉娜_(蔚藍檔案),
嵐樂_(寶可夢),
卡蕊妮_(寶可夢),
莉莉_(寶可夢),
綺良々_(原神),
重音テト_(SV),
七詩無命_(便服),
椎名立希,
時井_(兔女郎)_(蔚藍檔案),
明_(蔚藍檔案),
井芹仁菜,
丹恆·飲月_(崩壞：星穹鐵道),
吟霖_(鳴潮),
鏡流_(崩壞：星穹鐵道),
夏洛蒂_(原神),
淡路昴,
海老塚友,
河薙萌花,
盧帕_(女孩樂團哭喊),
美優_(泳裝)_(蔚藍檔案),
宮子_(泳裝)_(蔚藍檔案),
日本武尊_(Fate),
羽留伊_(泳裝)_(蔚藍檔案),
長崎そよ,
菲米尼_(原神),
努維萊特_(原神),
萊歐斯利_(原神),
克洛琳德_(原神),
希格雯_(原神),
千早愛音,
要樂奈,
高松燈,
興登堡_(碧藍航線),
小春_(泳裝)_(蔚藍檔案),
花子_(泳裝)_(蔚藍檔案),
妮莉莎_拉文克羅夫特,
妮莉莎_拉文克羅夫特_(第一服裝),
希歐莉_諾薇菈,
希歐莉_諾薇菈_(第一服裝),
芙哇哇_阿比斯加德,
莫可可_阿比斯加德,
阿妮絲_(盛夏閃耀)_(nikke),
小石_毘子,
小石_毘子_(第一服裝),
芙哇哇_阿比斯加德_(第一服裝),
莫可可_阿比斯加德_(第一服裝),
亞爾托拉_卡斯特_(泳裝狂戰士)_(fate),
戶川_紗希子,
朱呂_(藍色檔案),
若葉_睦,
沙洛姆_(深淵任命),
鮑班_西斯_(泳裝偽裝者)_(fate),
八幡_宇海里,
金曦_(鳴潮),
黃泉_久實,
薩姆_(崩壞：星穹鐵道),
天華人_千早里,
托帕茲_(崩壞：星穹鐵道),
宮本_依織_(fate),
見澄_羽衣加,
小紅帽_(nikke),
十文亭_羅殿,
一乘_莉里花,
終_(碧藍航線),
黑天鵝_(崩壞：星穹鐵道),
阮梅_(崩壞：星穹鐵道),
火火_(崩壞：星穹鐵道),
維爾希娜_(賽馬娘),
薇布洛絲_(賽馬娘),
龐妮_(驚奇數位馬戲團),
芙寧娜_(原神),
37_(逆轉1999),
蒼_伊佐美,
路易斯_史密斯,
砂金_(崩壞：星穹鐵道),
真理博士_(崩壞：星穹鐵道),
灰姑娘_(nikke),
格蕾絲_霍華德,
亞歷山德麗娜_塞巴斯蒂安,
艾蓮_喬,
桔梗_(藍色檔案),
英咪_(泳裝)_(藍色檔案),
阿赫隆_(崩壞：星穹鐵道),
千織_(原神),
花火_(崩壞：星穹鐵道),
星期日_(崩壞：星穹鐵道),
羅賓_(崩壞：星穹鐵道),
貓矢敷由紀,
阿子_(禮服)_(蔚藍檔案),
緋那_(禮服)_(蔚藍檔案),
香世子_(禮服)_(蔚藍檔案),
和紗_(樂團)_(蔚藍檔案),
真里_(偶像)_(蔚藍檔案),
絮_(明日方舟),
亞魯_(禮服)_(蔚藍檔案),
愛樂格_(妮姬),
沙織_(禮服)_(蔚藍檔案),
歐菲弗雷_(賽馬娘),
珍蒂爾多納_(賽馬娘),
斯蒂爾因洛夫_(賽馬娘),
丹茨弗萊姆_(賽馬娘),
七詩無名_(emo),
藤田琴音,
花見咲,
月村手鞠,
花見梅,
篠澤尋,
桂木莉莉婭,
姬崎凜海,
波提歐_(崩壞：星穹鐵道),
老師_(蔚藍檔案_the_animation),
光_(蔚藍檔案),
望_(蔚藍檔案),
朱鸢,
安代寺姬,
勝間町小鈴,
百瀬銀子,
長離_(鳴潮),
卡梅莉亞_(鳴潮),
雲璃_(崩壞：星穹鐵道),
莫承薇,
李雨亭_(男性),
李雨亭_(女性),
紫車浮照,
塞西莉亞·艾默格林,
伊麗莎白·玫瑰·血焰,
吉吉·穆琳,
拉奧拉·潘瑟拉,
吹雪_(泳裝)_(蔚藍檔案),
神奈_(泳裝)_(蔚藍檔案),
盧西安娜·德·蒙特菲奧,
慶薏_(絕區零),
基尼奇_(原神),
慕阿妮_(原神),
月城柳,
賽斯·洛威爾,
珍妮·朵伊_(絕區零),
希特拉莉_(原神),
麻羽維卡_(原神),
飛霄_(崩壞：星穹鐵道),
教授_妮婭妮婭_(蔚藍檔案),
守岸人_(鳴潮),
凱撒·金_(絕區零),
伯妮絲·懷特,
巴西米庫,
女主角_(謀殺電碼),
,
